paragraphId	sentenceID	tokenId	beginOffset	endOffset	whitespaceAfter	headTokenId	originalWord	normalizedWord	lemma	pos	ner	deprel	inQuotation	characterId	supersense
0	0	0	0	6		-1	XLVIII	XLVIII	xlviii	CD	NUMBER	null	O	-1	O
0	0	1	6	7	NNN	0	.	.	.	.	O	punct	O	-1	O
1	1	2	10	16	S	4	Elinor	Elinor	Elinor	NNP	PERSON	nsubj	O	0	O
1	1	3	17	20	S	4	now	now	now	RB	DATE	advmod	O	-1	O
1	1	4	21	26	S	-1	found	found	find	VBD	O	null	O	-1	B-verb.possession
1	1	5	27	30	S	6	the	the	the	DT	O	det	O	-1	O
1	1	6	31	41	S	4	difference	difference	difference	NN	O	dobj	O	-1	B-noun.attribute
1	1	7	42	49	S	6	between	between	between	IN	O	prep	O	-1	O
1	1	8	50	53	S	9	the	the	the	DT	O	det	O	-1	O
1	1	9	54	65	S	7	expectation	expectation	expectation	NN	O	pobj	O	-1	B-noun.cognition
1	1	10	66	68	S	9	of	of	of	IN	O	prep	O	-1	O
1	1	11	69	71	N	13	an	an	a	DT	O	det	O	-1	O
1	1	12	72	82	S	13	unpleasant	unpleasant	unpleasant	JJ	O	amod	O	-1	O
1	1	13	83	88		10	event	event	event	NN	O	pobj	O	-1	B-noun.event
1	1	14	88	89	S	4	,	,	,	,	O	punct	O	-1	O
1	1	15	90	97	S	16	however	however	however	RB	O	advmod	O	-1	O
1	1	16	98	105	S	4	certain	certain	certain	JJ	O	dep	O	-1	O
1	1	17	106	109	S	18	the	the	the	DT	O	det	O	-1	O
1	1	18	110	114	S	21	mind	mind	mind	NN	O	nsubjpass	O	-1	B-noun.cognition
1	1	19	115	118	S	21	may	may	may	MD	O	aux	O	-1	O
1	1	20	119	121	S	21	be	be	be	VB	O	auxpass	O	-1	O
1	1	21	122	126	S	16	told	told	tell	VBN	O	ccomp	O	-1	B-verb.communication
1	1	22	127	129	S	23	to	to	to	TO	O	aux	O	-1	O
1	1	23	130	138	S	21	consider	consider	consider	VB	O	xcomp	O	-1	B-verb.cognition
1	1	24	139	141		23	it	it	it	PRP	O	dobj	O	-1	O
1	1	25	141	142	N	16	,	,	,	,	O	punct	O	-1	O
1	1	26	143	146	S	16	and	and	and	CC	O	cc	O	-1	O
1	1	27	147	156	S	16	certainty	certainty	certainty	NN	O	conj	O	-1	B-noun.cognition
1	1	28	157	163		27	itself	itself	itself	PRP	O	dep	O	-1	O
1	1	29	163	164	S	4	.	.	.	.	O	punct	O	-1	O
1	2	30	165	168	S	32	She	She	she	PRP	O	nsubj	O	0	O
1	2	31	169	172	S	32	now	now	now	RB	DATE	advmod	O	-1	O
1	2	32	173	178		-1	found	found	find	VBD	O	null	O	-1	B-verb.possession
1	2	33	178	179	S	32	,	,	,	,	O	punct	O	-1	O
1	2	34	180	184	S	43	that	that	that	IN	O	complm	O	-1	O
1	2	35	185	187	S	43	in	in	in	IN	O	prep	O	-1	O
1	2	36	188	193	S	35	spite	spite	spite	NN	O	pobj	O	-1	B-noun.feeling
1	2	37	194	196	S	36	of	of	of	IN	O	prep	O	-1	O
1	2	38	197	204		37	herself	herself	herself	PRP	O	pobj	O	-1	O
1	2	39	204	205	S	43	,	,	,	,	O	punct	O	-1	O
1	2	40	206	209	S	43	she	she	she	PRP	O	nsubj	O	0	O
1	2	41	210	213	N	43	had	had	have	VBD	O	aux	O	-1	O
1	2	42	214	220	S	43	always	always	always	RB	O	advmod	O	-1	O
1	2	43	221	229	S	32	admitted	admitted	admit	VBN	O	ccomp	O	-1	B-verb.communication
1	2	44	230	231	S	45	a	a	a	DT	O	det	O	-1	O
1	2	45	232	236		43	hope	hope	hope	NN	O	dobj	O	-1	B-noun.feeling
1	2	46	236	237	S	43	,	,	,	,	O	punct	O	-1	O
1	2	47	238	243	S	50	while	while	while	IN	O	mark	O	-1	O
1	2	48	244	250	S	50	Edward	Edward	Edward	NNP	PERSON	nsubj	O	4	B-noun.person
1	2	49	251	259	S	50	remained	remained	remain	VBD	O	cop	O	-1	B-verb.change
1	2	50	260	266		43	single	single	single	JJ	O	advcl	O	-1	O
1	2	51	266	267	S	50	,	,	,	,	O	punct	O	-1	O
1	2	52	268	272	S	55	that	that	that	IN	O	complm	O	-1	O
1	2	53	273	282	N	55	something	something	something	NN	O	nsubj	O	-1	O
1	2	54	283	288	S	55	would	would	would	MD	O	aux	O	-1	O
1	2	55	289	294	S	50	occur	occur	occur	VB	O	ccomp	O	-1	B-verb.change
1	2	56	295	297	S	57	to	to	to	TO	O	aux	O	-1	O
1	2	57	298	305	S	55	prevent	prevent	prevent	VB	O	xcomp	O	-1	B-verb.social
1	2	58	306	309	S	60	his	his	he	PRP$	O	poss	O	4	O
1	2	59	310	318	S	60	marrying	marrying	marrying	NN	O	nn	O	-1	B-noun.person
1	2	60	319	323		57	Lucy	Lucy	Lucy	NNP	PERSON	dobj	O	5	O
1	2	61	323	324	S	32	;	;	;	:	O	punct	O	-1	O
1	2	62	325	329	S	86	that	that	that	IN	O	complm	O	-1	O
1	2	63	330	334	S	64	some	some	some	DT	O	det	O	-1	O
1	2	64	335	345	S	86	resolution	resolution	resolution	NN	O	nsubj	O	-1	B-noun.communication
1	2	65	346	348	S	64	of	of	of	IN	O	prep	O	-1	O
1	2	66	349	352	N	67	his	his	he	PRP$	O	poss	O	4	O
1	2	67	353	356		65	own	own	own	JJ	O	pobj	O	-1	O
1	2	68	356	357	S	86	,	,	,	,	O	punct	O	-1	O
1	2	69	358	362	S	70	some	some	some	DT	O	det	O	-1	O
1	2	70	363	372	S	86	mediation	mediation	mediation	NN	O	nsubj	O	-1	B-noun.communication
1	2	71	373	375	S	70	of	of	of	IN	O	prep	O	-1	O
1	2	72	376	383		71	friends	friends	friend	NNS	O	pobj	O	-1	B-noun.person
1	2	73	383	384	S	70	,	,	,	,	O	punct	O	-1	O
1	2	74	385	387	S	70	or	or	or	CC	O	cc	O	-1	O
1	2	75	388	392	S	78	some	some	some	DT	O	det	O	-1	O
1	2	76	393	397	S	78	more	more	more	JJR	O	amod	O	-1	O
1	2	77	398	406	S	78	eligible	eligible	eligible	JJ	O	amod	O	-1	O
1	2	78	407	418	S	70	opportunity	opportunity	opportunity	NN	O	conj	O	-1	B-noun.state
1	2	79	419	421	N	78	of	of	of	IN	O	prep	O	-1	O
1	2	80	422	435	S	79	establishment	establishment	establishment	NN	O	pobj	O	-1	B-noun.act
1	2	81	436	439	S	70	for	for	for	IN	O	prep	O	-1	O
1	2	82	440	443	S	83	the	the	the	DT	O	det	O	-1	O
1	2	83	444	448		81	lady	lady	lady	NN	O	pobj	O	-1	B-noun.person
1	2	84	448	449	S	70	,	,	,	,	O	punct	O	-1	O
1	2	85	450	455	S	86	would	would	would	MD	O	aux	O	-1	O
1	2	86	456	461	S	32	arise	arise	arise	VB	O	parataxis	O	-1	B-verb.stative
1	2	87	462	464	S	88	to	to	to	TO	O	aux	O	-1	O
1	2	88	465	471	S	86	assist	assist	assist	VB	O	xcomp	O	-1	B-verb.social
1	2	89	472	475	S	90	the	the	the	DT	O	det	O	-1	O
1	2	90	476	485	S	88	happiness	happiness	happiness	NN	O	dobj	O	-1	B-noun.state
1	2	91	486	488	S	90	of	of	of	IN	O	prep	O	-1	O
1	2	92	489	492		91	all	all	all	DT	O	pobj	O	-1	O
1	2	93	492	493	N	32	.	.	.	.	O	punct	O	-1	O
1	3	94	494	497	S	98	But	But	but	CC	O	cc	O	-1	O
1	3	95	498	500	S	98	he	he	he	PRP	O	nsubjpass	O	4	O
1	3	96	501	504	S	98	was	was	be	VBD	O	auxpass	O	-1	B-verb.stative
1	3	97	505	508	S	98	now	now	now	RB	DATE	advmod	O	-1	O
1	3	98	509	516		-1	married	married	marry	VBN	O	null	O	-1	B-verb.social
1	3	99	516	517	S	98	;	;	;	:	O	punct	O	-1	O
1	3	100	518	521	S	98	and	and	and	CC	O	cc	O	-1	O
1	3	101	522	525	S	102	she	she	she	PRP	O	nsubj	O	-1	O
1	3	102	526	535	S	98	condemned	condemned	condemn	VBD	O	conj	O	-1	B-verb.communication
1	3	103	536	539	S	104	her	her	she	PRP$	O	poss	O	-1	O
1	3	104	540	545	S	102	heart	heart	heart	NN	O	dobj	O	-1	B-noun.cognition
1	3	105	546	549	S	104	for	for	for	IN	O	prep	O	-1	O
1	3	106	550	553	S	108	the	the	the	DT	O	det	O	-1	O
1	3	107	554	561	N	108	lurking	lurking	lurk	VBG	O	amod	O	-1	B-verb.stative
1	3	108	562	570		105	flattery	flattery	flattery	NN	O	pobj	O	-1	B-noun.communication
1	3	109	570	571	S	108	,	,	,	,	O	punct	O	-1	O
1	3	110	572	577	S	113	which	which	which	WDT	O	nsubj	O	-1	O
1	3	111	578	580	S	112	so	so	so	RB	O	advmod	O	-1	O
1	3	112	581	585	S	113	much	much	much	RB	O	advmod	O	-1	O
1	3	113	586	596	S	108	heightened	heightened	heighten	VBD	O	rcmod	O	-1	B-verb.change
1	3	114	597	600	S	115	the	the	the	DT	O	det	O	-1	O
1	3	115	601	605	S	113	pain	pain	pain	NN	O	dobj	O	-1	B-noun.state
1	3	116	606	608	S	115	of	of	of	IN	O	prep	O	-1	O
1	3	117	609	612	S	118	the	the	the	DT	O	det	O	-1	O
1	3	118	613	625		116	intelligence	intelligence	intelligence	NN	O	pobj	O	-1	B-noun.cognition
1	3	119	625	626	NN	98	.	.	.	.	O	punct	O	-1	O
2	4	120	628	632	S	124	That	That	that	IN	O	complm	O	-1	O
2	4	121	633	635	S	124	he	he	he	PRP	O	nsubjpass	O	4	O
2	4	122	636	642	S	124	should	should	should	MD	O	aux	O	-1	O
2	4	123	643	645	S	124	be	be	be	VB	O	auxpass	O	-1	O
2	4	124	646	653	S	-1	married	married	marry	VBN	O	null	O	-1	B-verb.social
2	4	125	654	658		124	soon	soon	soon	RB	O	advmod	O	-1	O
2	4	126	658	659	S	124	,	,	,	,	O	punct	O	-1	O
2	4	127	660	666	S	124	before	before	before	RB	O	advmod	O	-1	O
2	4	128	667	668		127	(	(	(	-LRB-	O	dep	O	-1	O
2	4	129	668	670	S	131	as	as	as	IN	O	mark	O	-1	O
2	4	130	671	674	S	131	she	she	she	PRP	O	nsubj	O	-1	O
2	4	131	675	683		128	imagined	imagined	imagine	VBD	O	advcl	O	-1	B-verb.creation
2	4	132	683	684	S	135	)	)	)	-RRB-	O	dobj	O	-1	O
2	4	133	685	687	S	135	he	he	he	PRP	O	nsubj	O	4	O
2	4	134	688	693	S	135	could	could	could	MD	O	aux	O	-1	O
2	4	135	694	696	S	131	be	be	be	VB	O	ccomp	O	-1	B-verb.stative
2	4	136	697	699	N	135	in	in	in	IN	O	prep	O	-1	O
2	4	137	700	706		136	orders	orders	order	NNS	O	pobj	O	-1	B-noun.communication
2	4	138	706	707	S	131	,	,	,	,	O	punct	O	-1	O
2	4	139	708	711	S	131	and	and	and	CC	O	cc	O	-1	O
2	4	140	712	724	S	144	consequently	consequently	consequently	RB	O	advmod	O	-1	O
2	4	141	725	731	S	144	before	before	before	IN	O	dep	O	-1	O
2	4	142	732	734	S	144	he	he	he	PRP	O	nsubj	O	4	O
2	4	143	735	740	S	144	could	could	could	MD	O	aux	O	-1	O
2	4	144	741	743	S	131	be	be	be	VB	O	conj	O	-1	B-verb.stative
2	4	145	744	746	S	144	in	in	in	IN	O	prep	O	-1	O
2	4	146	747	757	S	145	possession	possession	possession	NN	O	pobj	O	-1	B-noun.act
2	4	147	758	760	S	146	of	of	of	IN	O	prep	O	-1	O
2	4	148	761	764	N	149	the	the	the	DT	O	det	O	-1	O
2	4	149	765	771		147	living	living	living	NN	O	pobj	O	-1	B-noun.cognition
2	4	150	771	772	S	131	,	,	,	,	O	punct	O	-1	O
2	4	151	773	782	S	154	surprised	surprised	surprise	VBD	O	dep	O	-1	B-verb.cognition
2	4	152	783	786	S	154	her	her	she	PRP	O	nsubj	O	-1	O
2	4	153	787	788	S	154	a	a	a	DT	O	det	O	-1	O
2	4	154	789	795	S	131	little	little	little	JJ	O	ccomp	O	-1	O
2	4	155	796	798	S	154	at	at	at	IN	O	prep	O	-1	O
2	4	156	799	804		155	first	first	first	RB	ORDINAL	dep	O	-1	O
2	4	157	804	805	S	124	.	.	.	.	O	punct	O	-1	O
2	5	158	806	809	S	161	But	But	but	CC	O	cc	O	-1	O
2	5	159	810	813	S	161	she	she	she	PRP	O	nsubj	O	-1	O
2	5	160	814	818	S	161	soon	soon	soon	RB	O	advmod	O	-1	O
2	5	161	819	822	S	-1	saw	saw	see	VBD	O	null	O	-1	B-verb.cognition
2	5	162	823	826	S	163	how	how	how	WRB	O	advmod	O	-1	O
2	5	163	827	833	S	165	likely	likely	likely	JJ	O	dep	O	-1	O
2	5	164	834	836	N	165	it	it	it	PRP	O	nsubj	O	-1	O
2	5	165	837	840	S	161	was	was	be	VBD	O	dep	O	-1	B-verb.stative
2	5	166	841	845	S	165	that	that	that	IN	O	prep	O	-1	O
2	5	167	846	850		166	Lucy	Lucy	Lucy	NNP	PERSON	null	O	5	O
2	5	168	850	851	S	167	,	,	,	,	O	amod	O	-1	O
2	5	169	852	854	S	168	in	in	in	IN	O	prep	O	-1	O
2	5	170	855	858	S	171	her	her	she	PRP	O	dep	O	5	O
2	5	171	859	863		169	self	self	self	NN	O	pobj	O	-1	B-noun.cognition
2	5	172	863	864		184	-	-	-	HYPH	O	punct	O	-1	O
2	5	173	864	873	S	174	provident	provident	provident	JJ	O	amod	O	-1	O
2	5	174	874	878		184	care	care	care	NN	O	tmod	O	-1	B-noun.act
2	5	175	878	879	S	184	,	,	,	,	O	punct	O	-1	O
2	5	176	880	882	S	184	in	in	in	IN	O	prep	O	-1	O
2	5	177	883	886	S	178	her	her	she	PRP$	O	poss	O	5	O
2	5	178	887	892	S	176	haste	haste	haste	NN	O	pobj	O	-1	B-noun.attribute
2	5	179	893	895	S	180	to	to	to	TO	O	aux	O	-1	O
2	5	180	896	902	S	178	secure	secure	secure	VB	O	infmod	O	-1	B-verb.possession
2	5	181	903	906		180	him	him	he	PRP	O	dobj	O	4	O
2	5	182	906	907	N	184	,	,	,	,	O	punct	O	-1	O
2	5	183	908	914	S	184	should	should	should	MD	O	aux	O	-1	O
2	5	184	915	923	S	171	overlook	overlook	overlook	VB	O	dep	O	-1	B-verb.perception
2	5	185	924	929	S	186	every	every	every	DT	O	det	O	-1	O
2	5	186	930	935	S	184	thing	thing	thing	NN	O	dobj	O	-1	B-noun.artifact
2	5	187	936	939	S	186	but	but	but	CC	O	cc	O	-1	O
2	5	188	940	943	S	189	the	the	the	DT	O	det	O	-1	O
2	5	189	944	948	S	186	risk	risk	risk	NN	O	conj	O	-1	B-noun.state
2	5	190	949	951	S	189	of	of	of	IN	O	prep	O	-1	O
2	5	191	952	957		190	delay	delay	delay	NN	O	pobj	O	-1	B-noun.time
2	5	192	957	958	S	167	.	.	.	.	O	punct	O	-1	O
2	6	193	959	963	S	195	They	They	they	PRP	O	nsubjpass	O	-1	O
2	6	194	964	968	S	195	were	were	be	VBD	O	auxpass	O	-1	O
2	6	195	969	976		-1	married	married	marry	VBN	O	null	O	-1	B-verb.social
2	6	196	976	977	N	195	,	,	,	,	O	punct	O	-1	O
2	6	197	978	985	S	195	married	married	marry	VBN	O	conj	O	-1	B-verb.social
2	6	198	986	988	S	197	in	in	in	IN	O	prep	O	-1	O
2	6	199	989	993		198	town	town	town	NN	O	pobj	O	-1	B-noun.location
2	6	200	993	994	S	195	,	,	,	,	O	punct	O	-1	O
2	6	201	995	998	S	195	and	and	and	CC	O	cc	O	-1	O
2	6	202	999	1002	S	203	now	now	now	RB	DATE	advmod	O	-1	O
2	6	203	1003	1012	S	195	hastening	hastening	hasten	VBG	O	conj	O	-1	B-verb.change
2	6	204	1013	1017	S	203	down	down	down	RP	O	prt	O	-1	O
2	6	205	1018	1020	S	203	to	to	to	IN	O	prep	O	-1	O
2	6	206	1021	1024	S	207	her	her	she	PRP$	O	poss	O	5	O
2	6	207	1025	1030		205	uncle	uncle	uncle	NN	O	pobj	O	-1	B-noun.person
2	6	208	1030	1032		207	’s	’s	’s	POS	O	possessive	O	-1	O
2	6	209	1032	1033	S	195	.	.	.	.	O	punct	O	-1	O
2	7	210	1034	1038	S	211	What	What	what	WP	O	nsubj	O	-1	O
2	7	211	1039	1042	S	-1	had	had	have	VBD	O	null	O	-1	O
2	7	212	1043	1049	N	213	Edward	Edward	Edward	NNP	PERSON	nsubj	O	4	B-noun.person
2	7	213	1050	1054	S	211	felt	felt	feel	VBD	O	ccomp	O	-1	B-verb.cognition
2	7	214	1055	1057	S	213	on	on	on	IN	O	prep	O	-1	O
2	7	215	1058	1063	S	214	being	being	be	VBG	O	pcomp	O	-1	B-verb.stative
2	7	216	1064	1070	S	215	within	within	within	IN	O	prep	O	-1	O
2	7	217	1071	1075	S	218	four	four	four	CD	NUMBER	num	O	-1	O
2	7	218	1076	1081	S	216	miles	miles	mile	NNS	O	pobj	O	-1	B-noun.quantity
2	7	219	1082	1086	S	215	from	from	from	IN	O	prep	O	-1	O
2	7	220	1087	1093		219	Barton	Barton	Barton	NNP	LOCATION	pobj	O	-1	O
2	7	221	1093	1094	S	215	,	,	,	,	O	punct	O	-1	O
2	7	222	1095	1097	S	215	on	on	on	IN	O	prep	O	-1	O
2	7	223	1098	1104	S	222	seeing	seeing	see	VBG	O	pcomp	O	-1	B-verb.perception
2	7	224	1105	1108	S	225	her	her	she	PRP$	O	poss	O	5	O
2	7	225	1109	1115		227	mother	mother	mother	NN	O	poss	O	-1	B-noun.person
2	7	226	1115	1117	N	225	’s	’s	’s	POS	O	possessive	O	-1	O
2	7	227	1118	1125		223	servant	servant	servant	NN	TITLE	dobj	O	-1	B-noun.person
2	7	228	1125	1126	S	215	,	,	,	,	O	punct	O	-1	O
2	7	229	1127	1129	S	215	on	on	on	IN	O	prep	O	-1	O
2	7	230	1130	1137	S	231	hearing	hearing	hearing	NN	O	nn	O	-1	B-noun.act
2	7	231	1138	1142		233	Lucy	Lucy	Lucy	NNP	PERSON	poss	O	5	O
2	7	232	1142	1144	S	231	’s	’s	’s	POS	O	possessive	O	-1	O
2	7	233	1145	1152		229	message	message	message	NN	O	pobj	O	-1	B-noun.communication
2	7	234	1152	1153	NN	211	!	!	!	.	O	punct	O	-1	O
3	8	235	1155	1159	S	236	They	They	they	PRP	O	nsubj	O	-1	O
3	8	236	1160	1165	S	240	would	would	would	MD	O	ccomp	O	-1	O
3	8	237	1166	1170		236	soon	soon	soon	RB	O	advmod	O	-1	O
3	8	238	1170	1171	S	240	,	,	,	,	O	punct	O	-1	O
3	8	239	1172	1175	S	240	she	she	she	PRP	O	nsubj	O	5	O
3	8	240	1176	1184		-1	supposed	supposed	suppose	VBD	O	null	O	-1	O
3	8	241	1184	1185	S	240	,	,	,	,	O	punct	O	-1	O
3	8	242	1186	1188	S	243	be	be	be	VB	O	auxpass	O	-1	O
3	8	243	1189	1196	S	240	settled	settled	settle	VBN	O	dep	O	-1	B-verb.communication
3	8	244	1197	1199	S	243	at	at	at	IN	O	prep	O	-1	O
3	8	245	1200	1208		244	Delaford	Delaford	Delaford	NNP	LOCATION	pobj	O	-1	O
3	8	246	1208	1209		240	.	.	.	.	O	punct	O	-1	O
3	9	247	1209	1210		-1	—	—	—	:	O	null	O	-1	O
3	9	248	1210	1218		247	Delaford	Delaford	Delaford	NNP	LOCATION	dep	O	-1	O
3	9	249	1218	1219		248	,	,	,	,	O	punct	O	-1	O
3	9	250	1219	1220		248	—	—	—	:	O	punct	O	-1	O
3	9	251	1220	1224	N	252	that	that	that	DT	O	det	O	-1	O
3	9	252	1225	1230	S	248	place	place	place	NN	O	dep	O	-1	B-noun.location
3	9	253	1231	1233	S	257	in	in	in	IN	O	rel	O	-1	O
3	9	254	1234	1239	S	253	which	which	which	WDT	O	pobj	O	-1	O
3	9	255	1240	1242	S	256	so	so	so	RB	O	advmod	O	-1	O
3	9	256	1243	1247	S	257	much	much	much	RB	O	advmod	O	-1	O
3	9	257	1248	1257	S	252	conspired	conspired	conspire	VBD	O	rcmod	O	-1	B-verb.cognition
3	9	258	1258	1260	S	259	to	to	to	TO	O	aux	O	-1	O
3	9	259	1261	1265	S	257	give	give	give	VB	O	xcomp	O	-1	B-verb.possession
3	9	260	1266	1269	S	259	her	her	she	PRP	O	iobj	O	5	O
3	9	261	1270	1272	S	262	an	an	a	DT	O	det	O	-1	O
3	9	262	1273	1281		259	interest	interest	interest	NN	O	dobj	O	-1	B-noun.cognition
3	9	263	1281	1282	S	262	;	;	;	:	O	punct	O	-1	O
3	9	264	1283	1288	S	266	which	which	which	WDT	O	rel	O	-1	O
3	9	265	1289	1292	N	266	she	she	she	PRP	O	nsubj	O	5	O
3	9	266	1293	1299	S	262	wished	wished	wish	VBD	O	rcmod	O	-1	B-verb.emotion
3	9	267	1300	1302	S	269	to	to	to	TO	O	aux	O	-1	O
3	9	268	1303	1305	S	269	be	be	be	VB	O	auxpass	O	-1	O
3	9	269	1306	1316	S	266	acquainted	acquainted	acquaint	VBN	O	xcomp	O	-1	B-verb.communication
3	9	270	1317	1321		269	with	with	with	IN	O	prep	O	-1	O
3	9	271	1321	1322	S	270	,	,	,	,	O	punct	O	-1	O
3	9	272	1323	1326	S	270	and	and	and	CC	O	cc	O	-1	O
3	9	273	1327	1330	S	274	yet	yet	yet	RB	O	advmod	O	-1	O
3	9	274	1331	1338	S	270	desired	desired	desire	VBN	O	conj	O	-1	B-verb.emotion
3	9	275	1339	1341	S	276	to	to	to	TO	O	aux	O	-1	O
3	9	276	1342	1347		274	avoid	avoid	avoid	VB	O	xcomp	O	-1	B-verb.social
3	9	277	1347	1348	S	247	.	.	.	.	O	punct	O	-1	O
3	10	278	1349	1352	S	279	She	She	she	PRP	O	nsubj	O	5	O
3	10	279	1353	1356	S	-1	saw	saw	see	VBD	O	null	O	-1	B-verb.perception
3	10	280	1357	1361	S	279	them	them	they	PRP	O	dobj	O	-1	O
3	10	281	1362	1364	N	279	in	in	in	IN	O	prep	O	-1	O
3	10	282	1365	1367	S	283	an	an	a	DT	O	det	O	-1	O
3	10	283	1368	1375	S	281	instant	instant	instant	NN	O	pobj	O	-1	B-noun.time
3	10	284	1376	1378	S	283	in	in	in	IN	O	prep	O	-1	O
3	10	285	1379	1384	S	286	their	their	they	PRP$	O	poss	O	-1	O
3	10	286	1385	1394		284	parsonage	parsonage	parsonage	NN	O	pobj	O	-1	B-noun.artifact
3	10	287	1394	1395		288	-	-	-	HYPH	O	amod	O	-1	O
3	10	288	1395	1400		286	house	house	house	NN	O	dep	O	-1	B-noun.artifact
3	10	289	1400	1401	S	279	;	;	;	:	O	punct	O	-1	O
3	10	290	1402	1405	S	279	saw	saw	saw	NN	O	parataxis	O	-1	B-noun.communication
3	10	291	1406	1408	S	290	in	in	in	IN	O	prep	O	-1	O
3	10	292	1409	1413		291	Lucy	Lucy	Lucy	NNP	LOCATION	pobj	O	-1	O
3	10	293	1413	1414	S	292	,	,	,	,	O	punct	O	-1	O
3	10	294	1415	1418	S	300	the	the	the	DT	O	det	O	-1	O
3	10	295	1419	1425		300	active	active	active	JJ	O	amod	O	-1	O
3	10	296	1425	1426	N	300	,	,	,	,	O	punct	O	-1	O
3	10	297	1427	1437	S	300	contriving	contriving	contrive	VBG	O	dep	O	-1	B-verb.creation
3	10	298	1438	1445		297	manager	manager	manager	NN	TITLE	dobj	O	-1	B-noun.person
3	10	299	1445	1446	S	300	,	,	,	,	O	punct	O	-1	O
3	10	300	1447	1454	S	292	uniting	uniting	unite	VBG	O	conj	O	-1	B-verb.social
3	10	301	1455	1457	S	300	at	at	at	IN	O	prep	O	-1	O
3	10	302	1458	1462	S	304	once	once	once	RB	DATE	advmod	O	-1	O
3	10	303	1463	1464	S	304	a	a	a	DT	O	det	O	-1	O
3	10	304	1465	1471	S	301	desire	desire	desire	NN	O	pobj	O	-1	B-noun.attribute
3	10	305	1472	1474	S	304	of	of	of	IN	O	prep	O	-1	O
3	10	306	1475	1480	S	307	smart	smart	smart	JJ	O	amod	O	-1	O
3	10	307	1481	1491	S	305	appearance	appearance	appearance	NN	O	pobj	O	-1	B-noun.attribute
3	10	308	1492	1496	N	304	with	with	with	IN	O	prep	O	-1	O
3	10	309	1497	1500	S	311	the	the	the	DT	O	det	O	-1	O
3	10	310	1501	1507	S	311	utmost	utmost	utmost	JJ	O	amod	O	-1	O
3	10	311	1508	1517		308	frugality	frugality	frugality	NN	O	pobj	O	-1	B-noun.attribute
3	10	312	1517	1518	S	290	,	,	,	,	O	punct	O	-1	O
3	10	313	1519	1522	S	290	and	and	and	CC	O	cc	O	-1	O
3	10	314	1523	1530	S	290	ashamed	ashamed	ashamed	JJ	O	conj	O	-1	O
3	10	315	1531	1533	S	317	to	to	to	TO	O	aux	O	-1	O
3	10	316	1534	1536	S	317	be	be	be	VB	O	auxpass	O	-1	O
3	10	317	1537	1546	S	314	suspected	suspected	suspect	VBN	O	xcomp	O	-1	B-verb.cognition
3	10	318	1547	1549	S	317	of	of	of	IN	O	prep	O	-1	O
3	10	319	1550	1554	S	322	half	half	half	PDT	O	predet	O	-1	O
3	10	320	1555	1558	N	322	her	her	she	PRP$	O	poss	O	-1	O
3	10	321	1559	1569	S	322	economical	economical	economical	JJ	O	amod	O	-1	O
3	10	322	1570	1579		318	practices	practices	practice	NNS	O	pobj	O	-1	B-noun.act
3	10	323	1579	1580		290	;	;	;	:	O	punct	O	-1	O
3	10	324	1580	1581		325	—	—	—	:	O	punct	O	-1	O
3	10	325	1581	1589	S	290	pursuing	pursuing	pursue	VBG	O	parataxis	O	-1	B-verb.social
3	10	326	1590	1593	S	328	her	her	she	PRP$	O	poss	O	-1	O
3	10	327	1594	1597	S	328	own	own	own	JJ	O	amod	O	-1	O
3	10	328	1598	1606	S	325	interest	interest	interest	NN	O	dobj	O	-1	B-noun.cognition
3	10	329	1607	1609	S	328	in	in	in	IN	O	prep	O	-1	O
3	10	330	1610	1615	S	331	every	every	every	DT	O	det	O	-1	O
3	10	331	1616	1623		329	thought	thought	thought	NN	O	pobj	O	-1	B-noun.cognition
3	10	332	1623	1624	N	325	,	,	,	,	O	punct	O	-1	O
3	10	333	1625	1633	S	325	courting	courting	court	VBG	O	xcomp	O	-1	B-verb.social
3	10	334	1634	1637	S	335	the	the	the	DT	O	det	O	-1	O
3	10	335	1638	1644	S	333	favour	favour	favour	NN	O	dobj	O	-1	B-noun.cognition
3	10	336	1645	1647	S	335	of	of	of	IN	O	prep	O	-1	O
3	10	337	1648	1655	S	338	Colonel	Colonel	Colonel	NNP	TITLE	nn	O	-1	B-noun.person
3	10	338	1656	1663		336	Brandon	Brandon	Brandon	NNP	PERSON	pobj	O	1	I-noun.person
3	10	339	1663	1664	S	325	,	,	,	,	O	punct	O	-1	O
3	10	340	1665	1667	S	325	of	of	of	IN	O	prep	O	-1	O
3	10	341	1668	1672	S	342	Mrs.	Mrs.	Mrs.	NNP	PERSON	nn	O	-1	B-noun.person
3	10	342	1673	1681		340	Jennings	Jennings	Jennings	NNP	PERSON	pobj	O	-1	I-noun.person
3	10	343	1681	1682	S	325	,	,	,	,	O	punct	O	-1	O
3	10	344	1683	1686	S	325	and	and	and	CC	O	cc	O	-1	O
3	10	345	1687	1689	S	325	of	of	of	IN	O	conj	O	-1	O
3	10	346	1690	1695	N	348	every	every	every	DT	O	det	O	-1	O
3	10	347	1696	1703	S	348	wealthy	wealthy	wealthy	JJ	O	amod	O	-1	O
3	10	348	1704	1710		345	friend	friend	friend	NN	O	pobj	O	-1	B-noun.person
3	10	349	1710	1711	S	279	.	.	.	.	O	punct	O	-1	O
3	11	350	1712	1714	S	354	In	In	in	IN	O	prep	O	-1	O
3	11	351	1715	1721		350	Edward	Edward	Edward	NNP	PERSON	pobj	O	4	O
3	11	352	1721	1722		354	—	—	—	:	O	punct	O	-1	O
3	11	353	1722	1725	S	354	she	she	she	PRP	O	nsubj	O	-1	O
3	11	354	1726	1730	S	-1	knew	knew	know	VBD	O	null	O	-1	B-verb.cognition
3	11	355	1731	1734	S	354	not	not	not	RB	O	neg	O	-1	O
3	11	356	1735	1739	S	358	what	what	what	WP	O	dobj	O	-1	O
3	11	357	1740	1743	S	358	she	she	she	PRP	O	nsubj	O	-1	O
3	11	358	1744	1747		354	saw	saw	see	VBD	O	dep	O	-1	B-verb.perception
3	11	359	1747	1748	S	358	,	,	,	,	O	punct	O	-1	O
3	11	360	1749	1752	S	354	nor	nor	nor	CC	O	cc	O	-1	O
3	11	361	1753	1757	S	363	what	what	what	WP	O	dep	O	-1	O
3	11	362	1758	1761	N	363	she	she	she	PRP	O	nsubj	O	-1	O
3	11	363	1762	1768	S	354	wished	wished	wish	VBD	O	conj	O	-1	B-verb.emotion
3	11	364	1769	1771	S	365	to	to	to	TO	O	aux	O	-1	O
3	11	365	1772	1775		363	see	see	see	VB	O	xcomp	O	-1	B-verb.perception
3	11	366	1775	1776		354	;	;	;	:	O	punct	O	-1	O
3	11	367	1776	1777		374	—	—	—	:	O	punct	O	-1	O
3	11	368	1777	1782	S	374	happy	happy	happy	JJ	O	dep	O	-1	O
3	11	369	1783	1785	S	368	or	or	or	CC	O	cc	O	-1	O
3	11	370	1786	1793		368	unhappy	unhappy	unhappy	JJ	O	conj	O	-1	O
3	11	371	1793	1794		368	,	,	,	,	O	punct	O	-1	O
3	11	372	1794	1795		374	—	—	—	:	O	punct	O	-1	O
3	11	373	1795	1802	S	374	nothing	nothing	nothing	NN	O	nsubj	O	-1	O
3	11	374	1803	1810	S	354	pleased	pleased	please	VBD	O	parataxis	O	-1	B-verb.emotion
3	11	375	1811	1814		374	her	her	she	PRP$	O	dobj	O	-1	O
3	11	376	1814	1815	S	354	;	;	;	:	O	punct	O	-1	O
3	11	377	1816	1819	S	378	she	she	she	PRP	O	nsubj	O	-1	O
3	11	378	1820	1826	S	354	turned	turned	turn	VBD	O	parataxis	O	-1	B-verb.motion
3	11	379	1827	1831	N	378	away	away	away	RB	O	advmod	O	-1	O
3	11	380	1832	1835	S	381	her	her	she	PRP$	O	poss	O	-1	O
3	11	381	1836	1840	S	378	head	head	head	NN	O	dobj	O	-1	B-noun.body
3	11	382	1841	1845	S	378	from	from	from	IN	O	prep	O	-1	O
3	11	383	1846	1851	S	384	every	every	every	DT	O	det	O	-1	O
3	11	384	1852	1858	S	382	sketch	sketch	sketch	NN	O	pobj	O	-1	B-noun.artifact
3	11	385	1859	1861	S	384	of	of	of	IN	O	prep	O	-1	O
3	11	386	1862	1865		385	him	him	he	PRP	O	pobj	O	4	O
3	11	387	1865	1866	NN	354	.	.	.	.	O	punct	O	-1	O
4	12	388	1868	1874	S	389	Elinor	Elinor	Elinor	NNP	PERSON	nsubj	O	0	B-noun.person
4	12	389	1875	1884	S	-1	flattered	flattered	flatter	VBD	O	null	O	-1	B-verb.communication
4	12	390	1885	1892	S	389	herself	herself	herself	PRP	O	dobj	O	-1	O
4	12	391	1893	1897	S	400	that	that	that	IN	O	complm	O	-1	O
4	12	392	1898	1902	S	393	some	some	some	DT	O	dep	O	-1	O
4	12	393	1903	1906	S	400	one	one	one	CD	NUMBER	nsubj	O	-1	O
4	12	394	1907	1909	S	393	of	of	of	IN	O	prep	O	-1	O
4	12	395	1910	1915	S	396	their	their	they	PRP$	O	poss	O	-1	O
4	12	396	1916	1927	S	394	connections	connections	connection	NNS	O	pobj	O	-1	B-noun.relation
4	12	397	1928	1930	S	396	in	in	in	IN	O	prep	O	-1	O
4	12	398	1931	1937	N	397	London	London	London	NNP	CITY	pobj	O	-1	B-noun.location
4	12	399	1938	1943	S	400	would	would	would	MD	O	aux	O	-1	O
4	12	400	1944	1949	S	389	write	write	write	VB	O	ccomp	O	-1	B-verb.communication
4	12	401	1950	1952	S	404	to	to	to	IN	O	mark	O	-1	O
4	12	402	1953	1957	S	404	them	them	they	PRP	O	nsubj	O	-1	O
4	12	403	1958	1960	S	404	to	to	to	TO	O	aux	O	-1	O
4	12	404	1961	1969	S	400	announce	announce	announce	VB	O	dep	O	-1	B-verb.communication
4	12	405	1970	1973	S	406	the	the	the	DT	O	det	O	-1	O
4	12	406	1974	1979		404	event	event	event	NN	O	dobj	O	-1	B-noun.event
4	12	407	1979	1980	S	404	,	,	,	,	O	punct	O	-1	O
4	12	408	1981	1984	S	404	and	and	and	CC	O	cc	O	-1	O
4	12	409	1985	1989	S	404	give	give	give	VB	O	conj	O	-1	B-verb.possession
4	12	410	1990	1997	N	411	farther	farther	farther	RBR	O	advmod	O	-1	O
4	12	411	1998	2009		409	particulars	particulars	particulars	NNS	O	dobj	O	-1	B-noun.cognition
4	12	412	2009	2010		404	,	,	,	,	O	punct	O	-1	O
4	12	413	2010	2011		404	—	—	—	:	O	punct	O	-1	O
4	12	414	2011	2014	S	400	but	but	but	CC	O	cc	O	-1	O
4	12	415	2015	2018	S	400	day	day	day	NN	DURATION	conj	O	-1	B-noun.time
4	12	416	2019	2024	S	418	after	after	after	IN	O	mark	O	-1	O
4	12	417	2025	2028	S	418	day	day	day	NN	DURATION	dep	O	-1	B-noun.time
4	12	418	2029	2035	S	415	passed	passed	pass	VBN	O	ccomp	O	-1	B-verb.motion
4	12	419	2036	2039		418	off	off	off	RP	O	prt	O	-1	O
4	12	420	2039	2040	S	389	,	,	,	,	O	punct	O	-1	O
4	12	421	2041	2044	S	389	and	and	and	CC	O	cc	O	-1	O
4	12	422	2045	2052	S	389	brought	brought	bring	VBD	O	conj	O	-1	B-verb.motion
4	12	423	2053	2055	S	424	no	no	no	DT	O	det	O	-1	O
4	12	424	2056	2062		422	letter	letter	letter	NN	O	dobj	O	-1	B-noun.communication
4	12	425	2062	2063	S	389	,	,	,	,	O	punct	O	-1	O
4	12	426	2064	2066	N	427	no	no	no	DT	O	det	O	-1	O
4	12	427	2067	2074		389	tidings	tidings	tiding	NNS	O	dobj	O	-1	B-noun.communication
4	12	428	2074	2075	S	389	.	.	.	.	O	punct	O	-1	O
4	13	429	2076	2082	S	430	Though	Though	though	IN	O	mark	O	-1	O
4	13	430	2083	2092	S	439	uncertain	uncertain	uncertain	JJ	O	advcl	O	-1	O
4	13	431	2093	2097	S	434	that	that	that	IN	O	complm	O	-1	O
4	13	432	2098	2101	S	433	any	any	any	DT	O	dep	O	-1	O
4	13	433	2102	2105	S	434	one	one	one	CD	NUMBER	nsubj	O	-1	O
4	13	434	2106	2110	S	430	were	were	be	VBD	O	ccomp	O	-1	B-verb.stative
4	13	435	2111	2113	S	436	to	to	to	TO	O	aux	O	-1	O
4	13	436	2114	2119		434	blame	blame	blame	VB	O	xcomp	O	-1	B-verb.communication
4	13	437	2119	2120	S	439	,	,	,	,	O	punct	O	-1	O
4	13	438	2121	2124	S	439	she	she	she	PRP	O	nsubj	O	0	O
4	13	439	2125	2130	S	-1	found	found	find	VBD	O	null	O	-1	B-verb.communication
4	13	440	2131	2136	N	439	fault	fault	fault	NN	O	dobj	O	-1	B-noun.act
4	13	441	2137	2141	S	439	with	with	with	IN	O	prep	O	-1	O
4	13	442	2142	2147	S	444	every	every	every	DT	O	det	O	-1	O
4	13	443	2148	2154	S	444	absent	absent	absent	JJ	O	amod	O	-1	O
4	13	444	2155	2161		441	friend	friend	friend	NN	O	pobj	O	-1	B-noun.person
4	13	445	2161	2162	S	439	.	.	.	.	O	punct	O	-1	O
4	14	446	2163	2167	S	449	They	They	they	PRP	O	nsubj	O	-1	O
4	14	447	2168	2172	S	449	were	were	be	VBD	O	cop	O	-1	B-verb.stative
4	14	448	2173	2176	S	449	all	all	all	DT	O	dep	O	-1	O
4	14	449	2177	2188	S	-1	thoughtless	thoughtless	thoughtless	JJ	O	null	O	-1	O
4	14	450	2189	2191	S	449	or	or	or	CC	O	cc	O	-1	O
4	14	451	2192	2200		449	indolent	indolent	indolent	JJ	O	conj	O	-1	O
4	14	452	2200	2201	NN	449	.	.	.	.	O	punct	O	-1	O
5	15	453	2203	2204		-1	"	"	``	``	O	null	B-QUOTE	-1	O
5	15	454	2204	2208	S	457	When	When	when	WRB	O	advmod	I-QUOTE	-1	O
5	15	455	2209	2211	S	457	do	do	do	VBP	O	aux	I-QUOTE	-1	O
5	15	456	2212	2215	S	457	you	you	you	PRP	O	nsubj	I-QUOTE	-1	O
5	15	457	2216	2221	S	453	write	write	write	VB	O	null	I-QUOTE	-1	B-verb.communication
5	15	458	2222	2224	S	457	to	to	to	IN	O	prep	I-QUOTE	-1	O
5	15	459	2225	2232	S	460	Colonel	Colonel	Colonel	NNP	TITLE	nn	I-QUOTE	-1	B-noun.person
5	15	460	2233	2240		458	Brandon	Brandon	Brandon	NNP	PERSON	pobj	I-QUOTE	1	I-noun.person
5	15	461	2240	2241	S	460	,	,	,	,	O	punct	I-QUOTE	-1	O
5	15	462	2242	2247		460	ma’am	ma’am	ma’am	NN	O	appos	I-QUOTE	-1	O
5	15	463	2247	2248		457	?	?	?	.	O	punct	I-QUOTE	-1	O
5	15	464	2248	2249	S	457	"	"	''	''	O	dep	I-QUOTE	-1	O
5	16	465	2250	2253	S	-1	was	was	be	VBD	O	null	O	-1	O
5	16	466	2254	2256	S	467	an	an	a	DT	O	det	O	-1	O
5	16	467	2257	2264	S	465	inquiry	inquiry	inquiry	NN	O	nsubj	O	-1	B-noun.cognition
5	16	468	2265	2270	N	469	which	which	which	WDT	O	nsubj	O	-1	O
5	16	469	2271	2277	S	467	sprung	sprung	spring	VBD	O	rcmod	O	-1	B-verb.motion
5	16	470	2278	2282	S	469	from	from	from	IN	O	prep	O	-1	O
5	16	471	2283	2286	S	472	the	the	the	DT	O	det	O	-1	O
5	16	472	2287	2297	S	470	impatience	impatience	impatience	NN	O	pobj	O	-1	B-noun.state
5	16	473	2298	2300	S	472	of	of	of	IN	O	prep	O	-1	O
5	16	474	2301	2304	S	475	her	her	she	PRP$	O	poss	O	0	O
5	16	475	2305	2309	S	473	mind	mind	mind	NN	O	pobj	O	-1	B-noun.cognition
5	16	476	2310	2312	S	477	to	to	to	TO	O	aux	O	-1	O
5	16	477	2313	2317	S	467	have	have	have	VB	O	infmod	O	-1	B-verb.possession
5	16	478	2318	2327	S	479	something	something	something	NN	O	nsubj	O	-1	O
5	16	479	2328	2333	S	477	going	going	go	VBG	O	ccomp	O	-1	B-verb.stative
5	16	480	2334	2336		479	on	on	on	RP	O	prt	O	-1	O
5	16	481	2336	2337	NN	465	.	.	.	.	O	punct	O	-1	O
6	17	482	2339	2340		-1	"	"	``	``	O	null	O	-1	O
6	17	483	2340	2341	S	484	I	I	I	PRP	O	nsubj	O	-1	O
6	17	484	2342	2347	S	482	wrote	wrote	write	VBD	O	null	O	-1	B-verb.communication
6	17	485	2348	2350	S	484	to	to	to	IN	O	prep	O	-1	O
6	17	486	2351	2354		485	him	him	he	PRP	O	pobj	O	1	O
6	17	487	2354	2355	S	484	,	,	,	,	O	punct	O	-1	O
6	17	488	2356	2358	S	489	my	my	my	PRP$	O	poss	O	-1	O
6	17	489	2359	2363		487	love	love	love	NN	O	dobj	O	-1	B-noun.feeling
6	17	490	2363	2364	S	489	,	,	,	,	O	punct	O	-1	O
6	17	491	2365	2369	S	492	last	last	last	JJ	DATE	amod	O	-1	O
6	17	492	2370	2374		489	week	week	week	NN	DATE	dep	O	-1	B-noun.time
6	17	493	2374	2375	S	489	,	,	,	,	O	punct	O	-1	O
6	17	494	2376	2379	S	489	and	and	and	CC	O	cc	O	-1	O
6	17	495	2380	2386	S	496	rather	rather	rather	RB	O	advmod	O	-1	O
6	17	496	2387	2393	S	489	expect	expect	expect	VB	O	conj	O	-1	B-verb.cognition
6	17	497	2394	2396	S	498	to	to	to	TO	O	aux	O	-1	O
6	17	498	2397	2400		496	see	see	see	VB	O	xcomp	O	-1	B-verb.perception
6	17	499	2400	2401	S	498	,	,	,	,	O	punct	O	-1	O
6	17	500	2402	2406	S	502	than	than	than	IN	O	mark	O	-1	O
6	17	501	2407	2409	N	502	to	to	to	TO	O	aux	O	-1	O
6	17	502	2410	2414	S	498	hear	hear	hear	VB	O	dep	O	-1	B-verb.perception
6	17	503	2415	2419	S	502	from	from	from	IN	O	prep	O	-1	O
6	17	504	2420	2423	S	503	him	him	he	PRP	O	pobj	O	1	O
6	17	505	2424	2429		502	again	again	again	RB	O	advmod	O	-1	O
6	17	506	2429	2430	S	484	.	.	.	.	O	punct	O	-1	O
6	18	507	2431	2432	S	509	I	I	I	PRP	O	nsubj	O	-1	O
6	18	508	2433	2442	S	509	earnestly	earnestly	earnestly	RB	O	advmod	O	-1	O
6	18	509	2443	2450	S	-1	pressed	pressed	press	VBD	O	null	O	-1	B-verb.contact
6	18	510	2451	2454	S	511	his	his	he	PRP$	O	nsubj	O	1	O
6	18	511	2455	2461	S	509	coming	coming	come	VBG	O	xcomp	O	-1	B-verb.motion
6	18	512	2462	2464	S	511	to	to	to	IN	O	prep	O	-1	O
6	18	513	2465	2467		512	us	us	we	PRP	O	pobj	O	-1	O
6	18	514	2467	2468	S	509	,	,	,	,	O	punct	O	-1	O
6	18	515	2469	2472	S	509	and	and	and	CC	O	cc	O	-1	O
6	18	516	2473	2479	N	519	should	should	should	MD	O	aux	O	-1	O
6	18	517	2480	2483	S	519	not	not	not	RB	O	neg	O	-1	O
6	18	518	2484	2486	S	519	be	be	be	VB	O	cop	O	-1	B-verb.stative
6	18	519	2487	2496	S	509	surprised	surprised	surprised	JJ	O	conj	O	-1	O
6	18	520	2497	2499	S	521	to	to	to	TO	O	aux	O	-1	O
6	18	521	2500	2503	S	519	see	see	see	VB	O	xcomp	O	-1	B-verb.perception
6	18	522	2504	2507	S	523	him	him	he	PRP	O	nsubj	O	1	O
6	18	523	2508	2512	S	521	walk	walk	walk	VB	O	ccomp	O	-1	B-verb.motion
6	18	524	2513	2515	S	523	in	in	in	IN	O	prep	O	-1	O
6	18	525	2516	2521	S	524	today	today	today	NN	DATE	pobj	O	-1	B-noun.time
6	18	526	2522	2524	S	525	or	or	or	CC	O	dep	O	-1	O
6	18	527	2525	2533		525	tomorrow	tomorrow	tomorrow	NN	DATE	dep	O	-1	B-noun.time
6	18	528	2533	2534	S	509	,	,	,	,	O	punct	O	-1	O
6	18	529	2535	2537	S	509	or	or	or	CC	O	cc	O	-1	O
6	18	530	2538	2541	S	531	any	any	any	DT	O	det	O	-1	O
6	18	531	2542	2545		509	day	day	day	NN	DURATION	conj	O	-1	B-noun.time
6	18	532	2545	2546		509	.	.	.	.	O	punct	O	-1	O
6	19	533	2546	2547	NN	-1	"	"	``	``	O	null	O	-1	O
7	19	534	2549	2553	S	536	This	This	this	DT	O	nsubj	O	-1	O
7	19	535	2554	2557	S	536	was	was	be	VBD	O	aux	O	-1	O
7	19	536	2558	2565	S	533	gaining	gaining	gain	VBG	O	xcomp	O	-1	B-verb.possession
7	19	537	2566	2575		536	something	something	something	NN	O	dobj	O	-1	O
7	19	538	2575	2576	S	536	,	,	,	,	O	punct	O	-1	O
7	19	539	2577	2586	S	536	something	something	something	NN	O	dobj	O	-1	O
7	19	540	2587	2589	S	541	to	to	to	TO	O	aux	O	-1	O
7	19	541	2590	2594	S	539	look	look	look	VB	O	infmod	O	-1	B-verb.cognition
7	19	542	2595	2602	S	541	forward	forward	forward	RB	O	advmod	O	-1	O
7	19	543	2603	2605		541	to	to	to	IN	O	prep	O	-1	O
7	19	544	2605	2606	S	533	.	.	.	.	O	punct	O	-1	O
7	20	545	2607	2614	N	546	Colonel	Colonel	Colonel	NNP	TITLE	nn	O	-1	B-noun.person
7	20	546	2615	2622	S	-1	Brandon	Brandon	Brandon	NNP	PERSON	null	O	1	I-noun.person
7	20	547	2623	2624		549	_	_	_	NFP	O	nsubjpass	O	-1	O
7	20	548	2624	2628		549	must	must	must	MD	O	aux	O	-1	O
7	20	549	2628	2629	S	552	_	_	_	NFP	O	nsubj	O	-1	O
7	20	550	2630	2634	S	552	have	have	have	VBP	O	aux	O	-1	O
7	20	551	2635	2639	S	552	some	some	some	DT	O	det	O	-1	O
7	20	552	2640	2651	S	546	information	information	information	NN	O	rcmod	O	-1	B-noun.cognition
7	20	553	2652	2654	S	554	to	to	to	TO	O	aux	O	-1	O
7	20	554	2655	2659		552	give	give	give	VB	O	infmod	O	-1	B-verb.possession
7	20	555	2659	2660	NN	546	.	.	.	.	O	punct	O	-1	O
8	21	556	2662	2670	S	557	Scarcely	Scarcely	scarcely	RB	O	advmod	O	-1	O
8	21	557	2671	2674	S	-1	had	had	have	VBD	O	null	O	-1	O
8	21	558	2675	2678	S	560	she	she	she	PRP	O	nsubj	O	0	O
8	21	559	2679	2681	S	560	so	so	so	RB	O	advmod	O	-1	O
8	21	560	2682	2692	S	557	determined	determined	determine	VBD	O	ccomp	O	-1	B-verb.communication
8	21	561	2693	2695		560	it	it	it	PRP	O	dobj	O	-1	O
8	21	562	2695	2696	S	560	,	,	,	,	O	punct	O	-1	O
8	21	563	2697	2701	S	571	when	when	when	WRB	O	advmod	O	-1	O
8	21	564	2702	2705	S	565	the	the	the	DT	O	det	O	-1	O
8	21	565	2706	2712	S	571	figure	figure	figure	NN	O	nsubj	O	-1	B-noun.communication
8	21	566	2713	2715	S	565	of	of	of	IN	O	prep	O	-1	O
8	21	567	2716	2717	S	568	a	a	a	DT	O	det	O	-1	O
8	21	568	2718	2721	S	566	man	man	man	NN	O	pobj	O	-1	B-noun.person
8	21	569	2722	2724	N	568	on	on	on	IN	O	prep	O	-1	O
8	21	570	2725	2734	S	569	horseback	horseback	horseback	NN	O	pobj	O	-1	B-noun.animal
8	21	571	2735	2739	S	560	drew	drew	draw	VBD	O	advcl	O	-1	B-verb.motion
8	21	572	2740	2743	S	573	her	her	she	PRP$	O	poss	O	0	O
8	21	573	2744	2748	S	571	eyes	eyes	eye	NNS	O	dobj	O	-1	B-noun.body
8	21	574	2749	2751	S	571	to	to	to	IN	O	prep	O	-1	O
8	21	575	2752	2755	S	576	the	the	the	DT	O	det	O	-1	O
8	21	576	2756	2762		574	window	window	window	NN	O	pobj	O	-1	B-noun.artifact
8	21	577	2762	2763	S	557	.	.	.	.	O	punct	O	-1	O
8	22	578	2764	2766	S	579	He	He	he	PRP	O	nsubj	O	-1	O
8	22	579	2767	2772	S	-1	stopt	stopt	stopt	VBD	O	null	O	-1	O
8	22	580	2773	2775	S	579	at	at	at	IN	O	prep	O	-1	O
8	22	581	2776	2781	S	582	their	their	they	PRP$	O	poss	O	-1	O
8	22	582	2782	2786		580	gate	gate	gate	NN	O	pobj	O	-1	B-noun.artifact
8	22	583	2786	2787	S	579	.	.	.	.	O	punct	O	-1	O
8	23	584	2788	2790	S	587	It	It	it	PRP	O	nsubj	O	-1	O
8	23	585	2791	2794	S	587	was	was	be	VBD	O	cop	O	-1	B-verb.stative
8	23	586	2795	2796	N	587	a	a	a	DT	O	det	O	-1	O
8	23	587	2797	2806		592	gentleman	gentleman	gentleman	NN	O	ccomp	O	-1	B-noun.person
8	23	588	2806	2807	S	592	,	,	,	,	O	punct	O	-1	O
8	23	589	2808	2810	S	592	it	it	it	PRP	O	nsubj	O	-1	O
8	23	590	2811	2814	S	592	was	was	be	VBD	O	cop	O	-1	B-verb.stative
8	23	591	2815	2822	S	592	Colonel	Colonel	Colonel	NNP	TITLE	nn	O	-1	B-noun.person
8	23	592	2823	2830	S	-1	Brandon	Brandon	Brandon	NNP	PERSON	null	O	1	I-noun.person
8	23	593	2831	2838		592	himself	himself	himself	PRP	O	dep	O	-1	O
8	23	594	2838	2839	S	592	.	.	.	.	O	punct	O	-1	O
8	24	595	2840	2843	S	598	Now	Now	now	RB	DATE	advmod	O	-1	O
8	24	596	2844	2847	S	598	she	she	she	PRP	O	nsubj	O	0	O
8	24	597	2848	2853	S	598	could	could	could	MD	O	aux	O	-1	O
8	24	598	2854	2858	S	-1	hear	hear	hear	VB	O	null	O	-1	B-verb.perception
8	24	599	2859	2863		598	more	more	more	RBR	O	dobj	O	-1	O
8	24	600	2863	2864	S	598	;	;	;	:	O	punct	O	-1	O
8	24	601	2865	2868	N	598	and	and	and	CC	O	cc	O	-1	O
8	24	602	2869	2872	S	603	she	she	she	PRP	O	nsubj	O	0	O
8	24	603	2873	2881	S	598	trembled	trembled	tremble	VBD	O	conj	O	-1	B-verb.motion
8	24	604	2882	2884	S	603	in	in	in	IN	O	prep	O	-1	O
8	24	605	2885	2896	S	604	expectation	expectation	expectation	NN	O	pobj	O	-1	B-noun.cognition
8	24	606	2897	2899	S	605	of	of	of	IN	O	prep	O	-1	O
8	24	607	2900	2902		606	it	it	it	PRP	O	pobj	O	-1	O
8	24	608	2902	2903	S	598	.	.	.	.	O	punct	O	-1	O
8	25	609	2904	2907	S	612	But	But	but	CC	O	cc	O	-1	O
8	25	610	2908	2910	S	612	it	it	it	PRP	O	nsubj	O	-1	O
8	25	611	2911	2914	S	612	was	was	be	VBD	O	cop	O	-1	B-verb.stative
8	25	612	2915	2916		-1	_	_	_	NFP	O	null	O	-1	O
8	25	613	2916	2919		612	not	not	not	RB	O	neg	O	-1	O
8	25	614	2919	2920	S	616	_	_	_	NFP	O	nn	O	-1	O
8	25	615	2921	2928	S	616	Colonel	Colonel	Colonel	NNP	TITLE	nn	O	-1	O
8	25	616	2929	2936		612	Brandon	Brandon	Brandon	NNP	PERSON	dep	O	1	O
8	25	617	2936	2937	N	612	;	;	;	:	O	punct	O	-1	O
8	25	618	2938	2945	S	620	neither	neither	neither	CC	O	preconj	O	-1	O
8	25	619	2946	2949	S	620	his	his	he	PRP$	O	poss	O	1	O
8	25	620	2950	2953		612	air	air	air	NN	O	parataxis	O	-1	B-noun.substance
8	25	621	2953	2954	S	620	,	,	,	,	O	punct	O	-1	O
8	25	622	2955	2958	S	620	nor	nor	nor	CC	O	cc	O	-1	O
8	25	623	2959	2962	S	624	his	his	he	PRP$	O	poss	O	1	O
8	25	624	2963	2969		620	height	height	height	NN	O	conj	O	-1	B-noun.attribute
8	25	625	2969	2970	S	612	.	.	.	.	O	punct	O	-1	O
8	26	626	2971	2975	S	628	Were	Were	be	VBD	O	cop	O	-1	O
8	26	627	2976	2978	S	628	it	it	it	PRP	O	nsubj	O	-1	O
8	26	628	2979	2987		-1	possible	possible	possible	JJ	O	null	O	-1	O
8	26	629	2987	2988	S	632	,	,	,	,	O	punct	O	-1	O
8	26	630	2989	2992	S	632	she	she	she	PRP	O	nsubj	O	0	O
8	26	631	2993	2997	S	632	must	must	must	MD	O	aux	O	-1	O
8	26	632	2998	3001	S	628	say	say	say	VB	O	parataxis	O	-1	B-verb.communication
8	26	633	3002	3004	S	636	it	it	it	PRP	O	nsubj	O	-1	O
8	26	634	3005	3009	N	636	must	must	must	MD	O	aux	O	-1	O
8	26	635	3010	3012	S	636	be	be	be	VB	O	cop	O	-1	B-verb.stative
8	26	636	3013	3019		632	Edward	Edward	Edward	NNP	PERSON	ccomp	O	4	B-noun.person
8	26	637	3019	3020	S	628	.	.	.	.	O	punct	O	-1	O
8	27	638	3021	3024	S	639	She	She	she	PRP	O	nsubj	O	0	O
8	27	639	3025	3031	S	-1	looked	looked	look	VBD	O	null	O	-1	B-verb.perception
8	27	640	3032	3037		639	again	again	again	RB	O	advmod	O	-1	O
8	27	641	3037	3038	S	639	.	.	.	.	O	punct	O	-1	O
8	28	642	3039	3041	S	645	He	He	he	PRP	O	nsubj	O	4	O
8	28	643	3042	3045	S	645	had	had	have	VBD	O	aux	O	-1	O
8	28	644	3046	3050	S	645	just	just	just	RB	O	advmod	O	-1	O
8	28	645	3051	3061		-1	dismounted	dismounted	dismount	VBN	O	null	O	-1	B-verb.motion
8	28	646	3061	3062	S	645	:	:	:	:	O	punct	O	-1	O
8	28	647	3063	3066	S	651	she	she	she	PRP	O	nsubj	O	0	O
8	28	648	3067	3072	S	651	could	could	could	MD	O	aux	O	-1	O
8	28	649	3073	3076	S	651	not	not	not	RB	O	neg	O	-1	O
8	28	650	3077	3079	N	651	be	be	be	VB	O	cop	O	-1	B-verb.stative
8	28	651	3080	3088		645	mistaken	mistaken	mistaken	JJ	O	parataxis	O	-1	O
8	28	652	3088	3089		651	,	,	,	,	O	punct	O	-1	O
8	28	653	3089	3090		651	—	—	—	:	O	punct	O	-1	O
8	28	654	3090	3092	S	651	it	it	it	PRP	O	dep	O	-1	O
8	28	655	3093	3094		657	_	_	_	NFP	O	conj	O	-1	O
8	28	656	3094	3097		657	was	was	be	VBD	O	cop	O	-1	O
8	28	657	3097	3098	S	654	_	_	_	NFP	O	dep	O	-1	O
8	28	658	3099	3105		657	Edward	Edward	Edward	NNP	PERSON	dep	O	4	O
8	28	659	3105	3106	S	645	.	.	.	.	O	punct	O	-1	O
8	29	660	3107	3110	S	661	She	She	she	PRP	O	nsubj	O	0	O
8	29	661	3111	3116	S	-1	moved	moved	move	VBD	O	null	O	-1	B-verb.motion
8	29	662	3117	3121	S	661	away	away	away	RB	O	advmod	O	-1	O
8	29	663	3122	3125	S	661	and	and	and	CC	O	cc	O	-1	O
8	29	664	3126	3129	S	661	sat	sat	sit	VBD	O	conj	O	-1	B-verb.motion
8	29	665	3130	3134		664	down	down	down	RP	O	prt	O	-1	O
8	29	666	3134	3135	S	661	.	.	.	.	O	punct	O	-1	O
8	30	667	3136	3137		-1	"	"	``	``	O	null	O	-1	O
8	30	668	3137	3139	S	669	He	He	he	PRP	O	nsubj	O	4	O
8	30	669	3140	3145	S	667	comes	comes	come	VBZ	O	rcmod	O	-1	B-verb.motion
8	30	670	3146	3150	N	669	from	from	from	IN	O	prep	O	-1	O
8	30	671	3151	3154	S	672	Mr.	Mr.	Mr.	NNP	PERSON	nn	O	-1	B-noun.person
8	30	672	3155	3160		670	Pratt	Pratt	Pratt	NNP	PERSON	pobj	O	-1	I-noun.person
8	30	673	3160	3162	S	672	’s	’s	’s	POS	O	possessive	O	-1	O
8	30	674	3163	3172	S	672	purposely	purposely	purposely	RB	O	advmod	O	-1	O
8	30	675	3173	3175	S	676	to	to	to	TO	O	aux	O	-1	O
8	30	676	3176	3179	S	669	see	see	see	VB	O	xcomp	O	-1	B-verb.perception
8	30	677	3180	3182		676	us	us	we	PRP	O	dobj	O	-1	O
8	30	678	3182	3183	S	667	.	.	.	.	O	punct	O	-1	O
8	31	679	3184	3185	S	680	I	I	I	PRP	O	nsubj	O	-1	O
8	31	680	3186	3187		684	_	_	_	NFP	O	nsubjpass	O	-1	O
8	31	681	3187	3191		684	will	will	will	MD	O	aux	O	-1	O
8	31	682	3191	3192	S	684	_	_	_	NFP	O	aux	O	-1	O
8	31	683	3193	3195	S	684	be	be	be	VB	O	cop	O	-1	O
8	31	684	3196	3200		-1	calm	calm	calm	JJ	O	null	O	-1	O
8	31	685	3200	3201	S	684	;	;	;	:	O	punct	O	-1	O
8	31	686	3202	3203	S	691	I	I	I	PRP	O	nsubj	O	-1	O
8	31	687	3204	3205		691	_	_	_	NFP	O	punct	O	-1	O
8	31	688	3205	3209		691	will	will	will	MD	O	aux	O	-1	O
8	31	689	3209	3210	S	691	_	_	_	NFP	O	aux	O	-1	O
8	31	690	3211	3213	S	691	be	be	be	VB	O	cop	O	-1	O
8	31	691	3214	3222	N	684	mistress	mistress	mistress	NN	O	parataxis	O	-1	B-noun.person
8	31	692	3223	3225	S	691	of	of	of	IN	O	prep	O	-1	O
8	31	693	3226	3232		692	myself	myself	myself	PRP	O	pobj	O	-1	O
8	31	694	3232	3233		684	.	.	.	.	O	punct	O	-1	O
8	32	695	3233	3234	NN	-1	"	"	``	``	O	null	O	-1	O
9	32	696	3236	3238	S	700	In	In	in	IN	O	prep	O	-1	O
9	32	697	3239	3240	S	698	a	a	a	DT	O	det	O	-1	O
9	32	698	3241	3247	S	696	moment	moment	moment	NN	O	pobj	O	-1	B-noun.time
9	32	699	3248	3251	S	700	she	she	she	PRP	O	nsubj	O	-1	O
9	32	700	3252	3261	S	695	perceived	perceived	perceive	VBD	O	ccomp	O	-1	B-verb.perception
9	32	701	3262	3266	S	706	that	that	that	IN	O	complm	O	-1	O
9	32	702	3267	3270	S	703	the	the	the	DT	O	det	O	-1	O
9	32	703	3271	3277	S	706	others	others	other	NNS	O	nsubj	O	-1	O
9	32	704	3278	3282	S	706	were	were	be	VBD	O	cop	O	-1	O
9	32	705	3283	3291	S	706	likewise	likewise	likewise	RB	O	advmod	O	-1	O
9	32	706	3292	3297	S	700	aware	aware	aware	JJ	O	ccomp	O	-1	O
9	32	707	3298	3300	S	706	of	of	of	IN	O	prep	O	-1	O
9	32	708	3301	3304	N	709	the	the	the	DT	O	det	O	-1	O
9	32	709	3305	3312		707	mistake	mistake	mistake	NN	O	pobj	O	-1	B-noun.act
9	32	710	3312	3313	S	695	.	.	.	.	O	punct	O	-1	O
9	33	711	3314	3317	S	712	She	She	she	PRP	O	nsubj	O	-1	O
9	33	712	3318	3321	S	-1	saw	saw	see	VBD	O	null	O	-1	B-verb.perception
9	33	713	3322	3325	S	714	her	her	she	PRP$	O	poss	O	-1	O
9	33	714	3326	3332	S	712	mother	mother	mother	NN	O	dobj	O	-1	B-noun.person
9	33	715	3333	3336	S	714	and	and	and	CC	O	cc	O	-1	O
9	33	716	3337	3345	S	718	Marianne	Marianne	Marianne	NNP	PERSON	nn	O	2	B-noun.person
9	33	717	3346	3352	S	718	change	change	change	NN	O	nn	O	-1	B-noun.relation
9	33	718	3353	3359		714	colour	colour	colour	NN	O	conj	O	-1	O
9	33	719	3359	3360	S	712	;	;	;	:	O	punct	O	-1	O
9	33	720	3361	3364	S	712	saw	saw	see	VBD	O	conj	O	-1	B-verb.perception
9	33	721	3365	3369	S	722	them	them	they	PRP	O	nsubj	O	-1	O
9	33	722	3370	3374	N	720	look	look	look	VB	O	ccomp	O	-1	B-verb.perception
9	33	723	3375	3377	S	722	at	at	at	IN	O	prep	O	-1	O
9	33	724	3378	3385		723	herself	herself	herself	PRP	O	pobj	O	-1	O
9	33	725	3385	3386	S	712	,	,	,	,	O	punct	O	-1	O
9	33	726	3387	3390	S	712	and	and	and	CC	O	cc	O	-1	O
9	33	727	3391	3398	S	712	whisper	whisper	whisper	VB	O	conj	O	-1	B-verb.communication
9	33	728	3399	3400	S	730	a	a	a	DT	O	det	O	-1	O
9	33	729	3401	3404	S	730	few	few	few	JJ	O	amod	O	-1	O
9	33	730	3405	3414	S	727	sentences	sentences	sentence	NNS	O	dobj	O	-1	B-noun.communication
9	33	731	3415	3417	S	727	to	to	to	IN	O	prep	O	-1	O
9	33	732	3418	3422	S	733	each	each	each	DT	O	det	O	-1	O
9	33	733	3423	3428		731	other	other	other	JJ	O	pobj	O	-1	O
9	33	734	3428	3429	S	712	.	.	.	.	O	punct	O	-1	O
9	34	735	3430	3433	S	738	She	She	she	PRP	O	nsubj	O	-1	O
9	34	736	3434	3439	S	738	would	would	would	MD	O	aux	O	-1	O
9	34	737	3440	3444	N	738	have	have	have	VB	O	aux	O	-1	O
9	34	738	3445	3450	S	-1	given	given	give	VBN	O	null	O	-1	B-verb.possession
9	34	739	3451	3454	S	740	the	the	the	DT	O	det	O	-1	O
9	34	740	3455	3460	S	738	world	world	world	NN	O	dobj	O	-1	B-noun.group
9	34	741	3461	3463	S	743	to	to	to	TO	O	aux	O	-1	O
9	34	742	3464	3466	S	743	be	be	be	VB	O	cop	O	-1	B-verb.stative
9	34	743	3467	3471	S	740	able	able	able	JJ	O	infmod	O	-1	O
9	34	744	3472	3474	S	745	to	to	to	TO	O	aux	O	-1	O
9	34	745	3475	3480		743	speak	speak	speak	VB	O	xcomp	O	-1	B-verb.communication
9	34	746	3480	3481		745	—	—	—	:	O	punct	O	-1	O
9	34	747	3481	3484	S	745	and	and	and	CC	O	cc	O	-1	O
9	34	748	3485	3487	S	749	to	to	to	TO	O	aux	O	-1	O
9	34	749	3488	3492	S	745	make	make	make	VB	O	conj	O	-1	B-verb.social
9	34	750	3493	3497	S	751	them	them	they	PRP	O	nsubj	O	-1	O
9	34	751	3498	3508	S	749	understand	understand	understand	VB	O	xcomp	O	-1	B-verb.cognition
9	34	752	3509	3513	N	754	that	that	that	IN	O	complm	O	-1	O
9	34	753	3514	3517	S	754	she	she	she	PRP	O	nsubj	O	-1	O
9	34	754	3518	3523	S	751	hoped	hoped	hope	VBD	O	ccomp	O	-1	B-verb.emotion
9	34	755	3524	3526	S	756	no	no	no	DT	O	det	O	-1	O
9	34	756	3527	3535		754	coolness	coolness	coolness	NN	O	dobj	O	-1	B-noun.feeling
9	34	757	3535	3536	S	756	,	,	,	,	O	punct	O	-1	O
9	34	758	3537	3539	S	759	no	no	no	DT	O	det	O	-1	O
9	34	759	3540	3546		756	slight	slight	slight	JJ	O	appos	O	-1	O
9	34	760	3546	3547	S	738	,	,	,	,	O	punct	O	-1	O
9	34	761	3548	3553	S	762	would	would	would	MD	O	aux	O	-1	O
9	34	762	3554	3560	S	738	appear	appear	appear	VB	O	conj	O	-1	B-verb.change
9	34	763	3561	3563	S	762	in	in	in	IN	O	prep	O	-1	O
9	34	764	3564	3569	S	765	their	their	they	PRP$	O	poss	O	-1	O
9	34	765	3570	3579	S	763	behaviour	behaviour	behaviour	NN	O	pobj	O	-1	B-noun.state
9	34	766	3580	3582	N	762	to	to	to	IN	O	prep	O	-1	O
9	34	767	3583	3586		766	him	him	he	PRP	O	pobj	O	4	O
9	34	768	3586	3587		738	;	;	;	:	O	punct	O	-1	O
9	34	769	3587	3588		738	—	—	—	:	O	punct	O	-1	O
9	34	770	3588	3591	S	738	but	but	but	CC	O	cc	O	-1	O
9	34	771	3592	3595	S	772	she	she	she	PRP	O	nsubj	O	-1	O
9	34	772	3596	3599	S	738	had	had	have	VBD	O	conj	O	-1	B-verb.possession
9	34	773	3600	3602	S	774	no	no	no	DT	O	det	O	-1	O
9	34	774	3603	3612		772	utterance	utterance	utterance	NN	O	dobj	O	-1	B-noun.communication
9	34	775	3612	3613	S	738	,	,	,	,	O	punct	O	-1	O
9	34	776	3614	3617	S	738	and	and	and	CC	O	cc	O	-1	O
9	34	777	3618	3621	S	778	was	was	be	VBD	O	auxpass	O	-1	O
9	34	778	3622	3629	S	738	obliged	obliged	oblige	VBN	O	conj	O	-1	B-verb.social
9	34	779	3630	3632	S	780	to	to	to	TO	O	aux	O	-1	O
9	34	780	3633	3638	S	778	leave	leave	leave	VB	O	xcomp	O	-1	B-verb.motion
9	34	781	3639	3642	S	780	all	all	all	DT	O	dobj	O	-1	O
9	34	782	3643	3645	S	780	to	to	to	IN	O	prep	O	-1	O
9	34	783	3646	3651	N	785	their	their	they	PRP$	O	poss	O	-1	O
9	34	784	3652	3655	S	785	own	own	own	JJ	O	amod	O	-1	O
9	34	785	3656	3666		782	discretion	discretion	discretion	NN	O	pobj	O	-1	B-noun.state
9	34	786	3666	3667	NN	738	.	.	.	.	O	punct	O	-1	O
10	35	787	3669	3672	S	789	Not	Not	not	RB	O	neg	O	-1	O
10	35	788	3673	3674	S	789	a	a	a	DT	O	det	O	-1	O
10	35	789	3675	3683	S	790	syllable	syllable	syllable	NN	O	nsubj	O	-1	B-noun.communication
10	35	790	3684	3690	S	-1	passed	passed	pass	VBD	O	null	O	-1	B-verb.motion
10	35	791	3691	3696		790	aloud	aloud	aloud	RB	O	advmod	O	-1	O
10	35	792	3696	3697	S	790	.	.	.	.	O	punct	O	-1	O
10	36	793	3698	3702	S	795	They	They	they	PRP	O	nsubj	O	-1	O
10	36	794	3703	3706	S	793	all	all	all	DT	O	dep	O	-1	O
10	36	795	3707	3713	S	-1	waited	waited	wait	VBD	O	null	O	-1	B-verb.stative
10	36	796	3714	3716	S	795	in	in	in	IN	O	prep	O	-1	O
10	36	797	3717	3724	S	796	silence	silence	silence	NN	O	pobj	O	-1	B-noun.attribute
10	36	798	3725	3728	S	795	for	for	for	IN	O	prep	O	-1	O
10	36	799	3729	3732	N	800	the	the	the	DT	O	det	O	-1	O
10	36	800	3733	3743	S	798	appearance	appearance	appearance	NN	O	pobj	O	-1	B-noun.attribute
10	36	801	3744	3746	S	800	of	of	of	IN	O	prep	O	-1	O
10	36	802	3747	3752	S	803	their	their	they	PRP$	O	poss	O	-1	O
10	36	803	3753	3760		801	visitor	visitor	visitor	NN	O	pobj	O	-1	B-noun.person
10	36	804	3760	3761	S	795	.	.	.	.	O	punct	O	-1	O
10	37	805	3762	3765	S	806	His	His	he	PRP$	O	poss	O	-1	O
10	37	806	3766	3775	S	808	footsteps	footsteps	footstep	NNS	O	nsubjpass	O	-1	B-noun.quantity
10	37	807	3776	3780	S	808	were	were	be	VBD	O	auxpass	O	-1	O
10	37	808	3781	3786	S	-1	heard	heard	hear	VBN	O	null	O	-1	B-verb.perception
10	37	809	3787	3792	S	808	along	along	along	IN	O	prep	O	-1	O
10	37	810	3793	3796	S	812	the	the	the	DT	O	det	O	-1	O
10	37	811	3797	3803	N	812	gravel	gravel	gravel	NN	O	nn	O	-1	B-noun.substance
10	37	812	3804	3808		809	path	path	path	NN	O	pobj	O	-1	B-noun.artifact
10	37	813	3808	3809	S	808	;	;	;	:	O	punct	O	-1	O
10	37	814	3810	3812	S	818	in	in	in	IN	O	prep	O	-1	O
10	37	815	3813	3814	S	816	a	a	a	DT	O	det	O	-1	O
10	37	816	3815	3821	S	814	moment	moment	moment	NN	O	pobj	O	-1	B-noun.time
10	37	817	3822	3824	S	818	he	he	he	PRP	O	nsubj	O	-1	O
10	37	818	3825	3828	S	808	was	was	be	VBD	O	parataxis	O	-1	B-verb.stative
10	37	819	3829	3831	S	818	in	in	in	IN	O	prep	O	-1	O
10	37	820	3832	3835	S	821	the	the	the	DT	O	det	O	-1	O
10	37	821	3836	3843		819	passage	passage	passage	NN	O	pobj	O	-1	B-noun.act
10	37	822	3843	3844	S	818	,	,	,	,	O	punct	O	-1	O
10	37	823	3845	3848	S	818	and	and	and	CC	O	cc	O	-1	O
10	37	824	3849	3851	S	827	in	in	in	IN	O	prep	O	-1	O
10	37	825	3852	3859	S	824	another	another	another	DT	O	pobj	O	-1	O
10	37	826	3860	3862	S	827	he	he	he	PRP	O	nsubj	O	-1	O
10	37	827	3863	3866	S	818	was	was	be	VBD	O	conj	O	-1	B-verb.stative
10	37	828	3867	3873	N	827	before	before	before	IN	O	prep	O	-1	O
10	37	829	3874	3878		828	them	them	they	PRP	O	pobj	O	-1	O
10	37	830	3878	3879	NN	808	.	.	.	.	O	punct	O	-1	O
11	38	831	3881	3884	S	832	His	His	he	PRP$	O	poss	O	-1	O
11	38	832	3885	3896		836	countenance	countenance	countenance	NN	O	nsubj	O	-1	B-noun.attribute
11	38	833	3896	3897	S	836	,	,	,	,	O	punct	O	-1	O
11	38	834	3898	3900	S	836	as	as	as	IN	O	mark	O	-1	O
11	38	835	3901	3903	S	836	he	he	he	PRP	O	nsubj	O	-1	O
11	38	836	3904	3911	S	843	entered	entered	enter	VBD	O	nsubj	O	-1	B-verb.motion
11	38	837	3912	3915	S	838	the	the	the	DT	O	det	O	-1	O
11	38	838	3916	3920		836	room	room	room	NN	O	dobj	O	-1	B-noun.artifact
11	38	839	3920	3921	S	836	,	,	,	,	O	punct	O	-1	O
11	38	840	3922	3925	S	843	was	was	be	VBD	O	cop	O	-1	O
11	38	841	3926	3929	S	843	not	not	not	RB	O	neg	O	-1	O
11	38	842	3930	3933	S	843	too	too	too	RB	O	advmod	O	-1	O
11	38	843	3934	3939		-1	happy	happy	happy	JJ	O	null	O	-1	O
11	38	844	3939	3940	S	843	,	,	,	,	O	punct	O	-1	O
11	38	845	3941	3945	S	846	even	even	even	RB	O	dep	O	-1	O
11	38	846	3946	3949	N	843	for	for	for	IN	O	prep	O	-1	O
11	38	847	3950	3956		846	Elinor	Elinor	Elinor	NNP	PERSON	pobj	O	0	O
11	38	848	3956	3957	S	843	.	.	.	.	O	punct	O	-1	O
11	39	849	3958	3961	S	850	His	His	he	PRP$	O	poss	O	-1	O
11	39	850	3962	3972	S	852	complexion	complexion	complexion	NN	O	nsubj	O	-1	B-noun.attribute
11	39	851	3973	3976	S	852	was	was	be	VBD	O	cop	O	-1	B-verb.stative
11	39	852	3977	3982	S	-1	white	white	white	JJ	O	null	O	-1	O
11	39	853	3983	3987	S	852	with	with	with	IN	O	prep	O	-1	O
11	39	854	3988	3997		853	agitation	agitation	agitation	NN	O	pobj	O	-1	B-noun.state
11	39	855	3997	3998	S	852	,	,	,	,	O	punct	O	-1	O
11	39	856	3999	4002	S	852	and	and	and	CC	O	cc	O	-1	O
11	39	857	4003	4005	S	858	he	he	he	PRP	O	nsubj	O	-1	O
11	39	858	4006	4012	S	852	looked	looked	look	VBD	O	conj	O	-1	B-verb.perception
11	39	859	4013	4015	S	858	as	as	as	IN	O	prep	O	-1	O
11	39	860	4016	4018	N	859	if	if	if	IN	O	dep	O	-1	O
11	39	861	4019	4026	S	860	fearful	fearful	fearful	JJ	O	pcomp	O	-1	O
11	39	862	4027	4029	S	861	of	of	of	IN	O	prep	O	-1	O
11	39	863	4030	4033	S	864	his	his	he	PRP$	O	poss	O	-1	O
11	39	864	4034	4043		862	reception	reception	reception	NN	O	pobj	O	-1	B-noun.communication
11	39	865	4043	4044	S	861	,	,	,	,	O	punct	O	-1	O
11	39	866	4045	4048	S	861	and	and	and	CC	O	cc	O	-1	O
11	39	867	4049	4058	S	861	conscious	conscious	conscious	JJ	O	conj	O	-1	O
11	39	868	4059	4063	S	870	that	that	that	IN	O	complm	O	-1	O
11	39	869	4064	4066	S	870	he	he	he	PRP	O	nsubj	O	-1	O
11	39	870	4067	4074	S	861	merited	merited	merit	VBD	O	ccomp	O	-1	B-verb.stative
11	39	871	4075	4077	S	873	no	no	no	DT	O	det	O	-1	O
11	39	872	4078	4082	S	873	kind	kind	kind	JJ	O	amod	O	-1	O
11	39	873	4083	4086		870	one	one	one	NN	NUMBER	dobj	O	-1	O
11	39	874	4086	4087	N	852	.	.	.	.	O	punct	O	-1	O
11	40	875	4088	4092	S	876	Mrs.	Mrs.	Mrs.	NNP	PERSON	nn	O	6	B-noun.person
11	40	876	4093	4101		897	Dashwood	Dashwood	Dashwood	NNP	PERSON	nsubj	O	6	I-noun.person
11	40	877	4101	4102	S	876	,	,	,	,	O	punct	O	-1	O
11	40	878	4103	4110		876	however	however	however	RB	O	advmod	O	-1	O
11	40	879	4110	4111	S	876	,	,	,	,	O	punct	O	-1	O
11	40	880	4112	4122		876	conforming	conforming	conform	VBG	O	appos	O	-1	O
11	40	881	4122	4123	S	880	,	,	,	,	O	punct	O	-1	O
11	40	882	4124	4126	S	884	as	as	as	IN	O	mark	O	-1	O
11	40	883	4127	4130	S	884	she	she	she	PRP	O	nsubj	O	6	O
11	40	884	4131	4138		880	trusted	trusted	trust	VBD	O	advcl	O	-1	B-verb.cognition
11	40	885	4138	4139	S	876	,	,	,	,	O	punct	O	-1	O
11	40	886	4140	4142	S	876	to	to	to	IN	O	prep	O	-1	O
11	40	887	4143	4146	S	888	the	the	the	DT	O	det	O	-1	O
11	40	888	4147	4153	S	886	wishes	wishes	wish	NNS	O	pobj	O	-1	B-noun.feeling
11	40	889	4154	4156	N	888	of	of	of	IN	O	prep	O	-1	O
11	40	890	4157	4161	S	891	that	that	that	DT	O	det	O	-1	O
11	40	891	4162	4170		889	daughter	daughter	daughter	NN	O	pobj	O	-1	B-noun.person
11	40	892	4170	4171	S	876	,	,	,	,	O	punct	O	-1	O
11	40	893	4172	4174	S	897	by	by	by	IN	O	prep	O	-1	O
11	40	894	4175	4179	S	893	whom	whom	whom	WP	O	pobj	O	-1	O
11	40	895	4180	4183	S	897	she	she	she	PRP	O	nsubj	O	6	O
11	40	896	4184	4188	S	897	then	then	then	RB	O	advmod	O	-1	O
11	40	897	4189	4194	S	-1	meant	meant	mean	VBD	O	null	O	-1	B-verb.communication
11	40	898	4195	4197	S	897	in	in	in	IN	O	prep	O	-1	O
11	40	899	4198	4201	S	900	the	the	the	DT	O	det	O	-1	O
11	40	900	4202	4208	S	898	warmth	warmth	warmth	NN	O	pobj	O	-1	B-noun.cognition
11	40	901	4209	4211	S	900	of	of	of	IN	O	prep	O	-1	O
11	40	902	4212	4215	S	903	her	her	she	PRP$	O	poss	O	6	O
11	40	903	4216	4221	S	901	heart	heart	heart	NN	O	pobj	O	-1	B-noun.cognition
11	40	904	4222	4224	S	906	to	to	to	TO	O	aux	O	-1	O
11	40	905	4225	4227	N	906	be	be	be	VB	O	auxpass	O	-1	O
11	40	906	4228	4234	S	900	guided	guided	guide	VBN	O	infmod	O	-1	B-verb.social
11	40	907	4235	4237	S	906	in	in	in	IN	O	prep	O	-1	O
11	40	908	4238	4243	S	909	every	every	every	DT	O	det	O	-1	O
11	40	909	4244	4249		907	thing	thing	thing	NN	O	pobj	O	-1	B-noun.artifact
11	40	910	4249	4250	S	897	,	,	,	,	O	punct	O	-1	O
11	40	911	4251	4254	S	897	met	met	meet	VBD	O	conj	O	-1	B-verb.motion
11	40	912	4255	4258	S	911	him	him	he	PRP	O	dobj	O	-1	O
11	40	913	4259	4263	S	911	with	with	with	IN	O	prep	O	-1	O
11	40	914	4264	4265	S	915	a	a	a	DT	O	det	O	-1	O
11	40	915	4266	4270	S	913	look	look	look	NN	O	pobj	O	-1	B-noun.attribute
11	40	916	4271	4273	S	915	of	of	of	IN	O	prep	O	-1	O
11	40	917	4274	4280	S	918	forced	forced	force	VBN	O	amod	O	-1	B-verb.creation
11	40	918	4281	4292		916	complacency	complacency	complacency	NN	O	pobj	O	-1	B-noun.feeling
11	40	919	4292	4293	S	897	,	,	,	,	O	punct	O	-1	O
11	40	920	4294	4298	N	897	gave	gave	give	VBD	O	conj	O	-1	B-verb.possession
11	40	921	4299	4302	S	920	him	him	he	PRP	O	iobj	O	-1	O
11	40	922	4303	4306	S	923	her	her	she	PRP$	O	poss	O	6	O
11	40	923	4307	4311		920	hand	hand	hand	NN	O	dobj	O	-1	B-noun.body
11	40	924	4311	4312	S	897	,	,	,	,	O	punct	O	-1	O
11	40	925	4313	4316	S	897	and	and	and	CC	O	cc	O	-1	O
11	40	926	4317	4323	S	897	wished	wished	wish	VBD	O	conj	O	-1	B-verb.emotion
11	40	927	4324	4327	S	928	him	him	he	PRP	O	nsubj	O	-1	O
11	40	928	4328	4331		926	joy	joy	joy	NN	O	xcomp	O	-1	B-noun.feeling
11	40	929	4331	4332	NN	897	.	.	.	.	O	punct	O	-1	O
12	41	930	4334	4336	S	931	He	He	he	PRP	O	nsubj	O	-1	O
12	41	931	4337	4345		-1	coloured	coloured	colour	VBD	O	null	O	-1	O
12	41	932	4345	4346	S	931	,	,	,	,	O	punct	O	-1	O
12	41	933	4347	4350	S	931	and	and	and	CC	O	cc	O	-1	O
12	41	934	4351	4360	S	931	stammered	stammered	stammer	VBD	O	conj	O	-1	B-verb.communication
12	41	935	4361	4364	S	934	out	out	out	RP	O	prt	O	-1	O
12	41	936	4365	4367	S	938	an	an	a	DT	O	det	O	-1	O
12	41	937	4368	4382	S	938	unintelligible	unintelligible	unintelligible	JJ	O	amod	O	-1	O
12	41	938	4383	4388		934	reply	reply	reply	NN	O	dobj	O	-1	B-noun.communication
12	41	939	4388	4389	S	931	.	.	.	.	O	punct	O	-1	O
12	42	940	4390	4396		942	Elinor	Elinor	Elinor	NNP	PERSON	poss	O	0	B-noun.person
12	42	941	4396	4398	S	940	’s	’s	’s	POS	O	possessive	O	-1	O
12	42	942	4399	4403	N	944	lips	lips	lip	NNS	O	nsubj	O	-1	B-noun.body
12	42	943	4404	4407	S	944	had	had	have	VBD	O	aux	O	-1	O
12	42	944	4408	4413	S	-1	moved	moved	move	VBN	O	null	O	-1	B-verb.motion
12	42	945	4414	4418	S	961	with	with	with	IN	O	mark	O	-1	O
12	42	946	4419	4422	S	947	her	her	she	PRP$	O	poss	O	0	O
12	42	947	4423	4429		961	mother	mother	mother	NN	O	nsubj	O	-1	B-noun.person
12	42	948	4429	4431		947	’s	’s	’s	POS	O	possessive	O	-1	O
12	42	949	4431	4432	S	947	,	,	,	,	O	punct	O	-1	O
12	42	950	4433	4436		947	and	and	and	CC	O	cc	O	-1	O
12	42	951	4436	4437	S	947	,	,	,	,	O	punct	O	-1	O
12	42	952	4438	4442	S	957	when	when	when	WRB	O	advmod	O	-1	O
12	42	953	4443	4446	S	954	the	the	the	DT	O	det	O	-1	O
12	42	954	4447	4453	S	957	moment	moment	moment	NN	O	nsubj	O	-1	B-noun.time
12	42	955	4454	4456	S	954	of	of	of	IN	O	prep	O	-1	O
12	42	956	4457	4463	S	955	action	action	action	NN	O	pobj	O	-1	B-noun.act
12	42	957	4464	4467	S	961	was	was	be	VBD	O	dep	O	-1	B-verb.stative
12	42	958	4468	4472		957	over	over	over	RB	O	advmod	O	-1	O
12	42	959	4472	4473	N	961	,	,	,	,	O	punct	O	-1	O
12	42	960	4474	4477	S	961	she	she	she	PRP	O	nsubj	O	0	O
12	42	961	4478	4484	S	944	wished	wished	wish	VBD	O	advcl	O	-1	B-verb.emotion
12	42	962	4485	4489	S	965	that	that	that	IN	O	complm	O	-1	O
12	42	963	4490	4493	S	965	she	she	she	PRP	O	nsubj	O	0	O
12	42	964	4494	4497	S	965	had	had	have	VBD	O	aux	O	-1	O
12	42	965	4498	4504	S	961	shaken	shaken	shake	VBN	O	ccomp	O	-1	B-verb.motion
12	42	966	4505	4510	S	965	hands	hands	hand	NNS	O	dobj	O	-1	B-noun.body
12	42	967	4511	4515	S	965	with	with	with	IN	O	prep	O	-1	O
12	42	968	4516	4519	S	967	him	him	he	PRP	O	pobj	O	-1	O
12	42	969	4520	4523		965	too	too	too	RB	O	advmod	O	-1	O
12	42	970	4523	4524	S	944	.	.	.	.	O	punct	O	-1	O
12	43	971	4525	4528	S	974	But	But	but	CC	O	cc	O	-1	O
12	43	972	4529	4531	S	974	it	it	it	PRP	O	nsubj	O	-1	O
12	43	973	4532	4535	S	974	was	was	be	VBD	O	cop	O	-1	O
12	43	974	4536	4540	S	-1	then	then	then	RB	O	null	O	-1	O
12	43	975	4541	4544	N	976	too	too	too	RB	O	advmod	O	-1	O
12	43	976	4545	4549		974	late	late	late	JJ	O	advmod	O	-1	O
12	43	977	4549	4550	S	974	,	,	,	,	O	punct	O	-1	O
12	43	978	4551	4554	S	974	and	and	and	CC	O	cc	O	-1	O
12	43	979	4555	4559	S	988	with	with	with	IN	O	prep	O	-1	O
12	43	980	4560	4561	S	981	a	a	a	DT	O	det	O	-1	O
12	43	981	4562	4573	S	979	countenance	countenance	countenance	NN	O	pobj	O	-1	B-noun.attribute
12	43	982	4574	4581	S	981	meaning	meaning	mean	VBG	O	partmod	O	-1	B-verb.communication
12	43	983	4582	4584	S	985	to	to	to	TO	O	aux	O	-1	O
12	43	984	4585	4587	S	985	be	be	be	VB	O	cop	O	-1	B-verb.stative
12	43	985	4588	4592		982	open	open	open	JJ	O	xcomp	O	-1	O
12	43	986	4592	4593	S	988	,	,	,	,	O	punct	O	-1	O
12	43	987	4594	4597	S	988	she	she	she	PRP	O	nsubj	O	0	O
12	43	988	4598	4601	S	974	sat	sat	sit	VBD	O	conj	O	-1	B-verb.motion
12	43	989	4602	4606	S	988	down	down	down	RP	O	prt	O	-1	O
12	43	990	4607	4612	S	988	again	again	again	RB	O	advmod	O	-1	O
12	43	991	4613	4616	N	988	and	and	and	CC	O	cc	O	-1	O
12	43	992	4617	4623	S	988	talked	talked	talk	VBD	O	conj	O	-1	B-verb.communication
12	43	993	4624	4626	S	992	of	of	of	IN	O	prep	O	-1	O
12	43	994	4627	4630	S	995	the	the	the	DT	O	det	O	-1	O
12	43	995	4631	4638		993	weather	weather	weather	NN	O	pobj	O	-1	B-noun.phenomenon
12	43	996	4638	4639	NN	974	.	.	.	.	O	punct	O	-1	O
13	44	997	4641	4649	S	999	Marianne	Marianne	Marianne	NNP	PERSON	nsubj	O	2	B-noun.person
13	44	998	4650	4653	S	999	had	had	have	VBD	O	aux	O	-1	O
13	44	999	4654	4663	S	-1	retreated	retreated	retreat	VBN	O	null	O	-1	B-verb.motion
13	44	1000	4664	4666	S	1001	as	as	as	RB	O	advmod	O	-1	O
13	44	1001	4667	4671	S	999	much	much	much	RB	O	advmod	O	-1	O
13	44	1002	4672	4674	S	1001	as	as	as	IN	O	dep	O	-1	O
13	44	1003	4675	4683	S	1002	possible	possible	possible	JJ	O	pobj	O	-1	O
13	44	1004	4684	4687	S	999	out	out	out	IN	O	prep	O	-1	O
13	44	1005	4688	4690	S	1004	of	of	of	IN	O	dep	O	-1	O
13	44	1006	4691	4696		1005	sight	sight	sight	NN	O	pobj	O	-1	B-noun.cognition
13	44	1007	4696	4697	S	999	,	,	,	,	O	punct	O	-1	O
13	44	1008	4698	4700	S	1009	to	to	to	TO	O	aux	O	-1	O
13	44	1009	4701	4708	S	999	conceal	conceal	conceal	VB	O	xcomp	O	-1	B-verb.perception
13	44	1010	4709	4712	N	1011	her	her	she	PRP$	O	poss	O	2	O
13	44	1011	4713	4721		1009	distress	distress	distress	NN	O	dobj	O	-1	B-noun.feeling
13	44	1012	4721	4722	S	999	;	;	;	:	O	punct	O	-1	O
13	44	1013	4723	4726	S	999	and	and	and	CC	O	cc	O	-1	O
13	44	1014	4727	4735		1023	Margaret	Margaret	Margaret	NNP	PERSON	nn	O	-1	O
13	44	1015	4735	4736	S	1023	,	,	,	,	O	punct	O	-1	O
13	44	1016	4737	4750	S	1021	understanding	understanding	understand	VBG	O	dep	O	-1	B-verb.cognition
13	44	1017	4751	4755	S	1018	some	some	some	DT	O	det	O	-1	O
13	44	1018	4756	4760		1016	part	part	part	NN	O	dobj	O	-1	B-noun.relation
13	44	1019	4760	4761	S	1021	,	,	,	,	O	punct	O	-1	O
13	44	1020	4762	4765	S	1021	but	but	but	CC	O	dep	O	-1	O
13	44	1021	4766	4769	S	1023	not	not	not	RB	O	neg	O	-1	O
13	44	1022	4770	4773	S	1023	the	the	the	DT	O	det	O	-1	O
13	44	1023	4774	4779	S	999	whole	whole	whole	NN	O	conj	O	-1	B-noun.cognition
13	44	1024	4780	4782	N	1023	of	of	of	IN	O	prep	O	-1	O
13	44	1025	4783	4786	S	1026	the	the	the	DT	O	det	O	-1	O
13	44	1026	4787	4791		1024	case	case	case	NN	O	pobj	O	-1	B-noun.event
13	44	1027	4791	4792	S	999	,	,	,	,	O	punct	O	-1	O
13	44	1028	4793	4800	S	999	thought	thought	think	VBD	O	dep	O	-1	B-verb.cognition
13	44	1029	4801	4803	S	1030	it	it	it	PRP	O	nsubj	O	-1	O
13	44	1030	4804	4813	S	1028	incumbent	incumbent	incumbent	JJ	O	ccomp	O	-1	O
13	44	1031	4814	4816	S	1030	on	on	on	IN	O	prep	O	-1	O
13	44	1032	4817	4820	S	1031	her	her	she	PRP	O	pobj	O	2	O
13	44	1033	4821	4823	S	1035	to	to	to	TO	O	aux	O	-1	O
13	44	1034	4824	4826	S	1035	be	be	be	VB	O	cop	O	-1	B-verb.stative
13	44	1035	4827	4836		1032	dignified	dignified	dignified	JJ	O	xcomp	O	-1	O
13	44	1036	4836	4837	S	1035	,	,	,	,	O	punct	O	-1	O
13	44	1037	4838	4841	S	1035	and	and	and	CC	O	cc	O	-1	O
13	44	1038	4842	4851	N	1039	therefore	therefore	therefore	RB	O	advmod	O	-1	O
13	44	1039	4852	4856	S	1035	took	took	take	VBD	O	conj	O	-1	B-verb.possession
13	44	1040	4857	4858	S	1041	a	a	a	DT	O	det	O	-1	O
13	44	1041	4859	4863	S	1039	seat	seat	seat	NN	O	dobj	O	-1	B-noun.location
13	44	1042	4864	4866	S	1039	as	as	as	IN	O	prep	O	-1	O
13	44	1043	4867	4870	S	1042	far	far	far	RB	O	dep	O	-1	O
13	44	1044	4871	4875	S	1043	from	from	from	IN	O	dep	O	-1	O
13	44	1045	4876	4879	S	1044	him	him	he	PRP	O	pobj	O	-1	O
13	44	1046	4880	4882	S	1048	as	as	as	IN	O	mark	O	-1	O
13	44	1047	4883	4886	S	1048	she	she	she	PRP	O	nsubj	O	2	O
13	44	1048	4887	4892		1043	could	could	could	MD	O	dep	O	-1	O
13	44	1049	4892	4893	S	1048	,	,	,	,	O	punct	O	-1	O
13	44	1050	4894	4897	S	1048	and	and	and	CC	O	cc	O	-1	O
13	44	1051	4898	4908	S	1054	maintained	maintained	maintain	VBD	O	cop	O	-1	B-verb.stative
13	44	1052	4909	4910	S	1054	a	a	a	DT	O	det	O	-1	O
13	44	1053	4911	4917	N	1054	strict	strict	strict	JJ	O	amod	O	-1	O
13	44	1054	4918	4925		1048	silence	silence	silence	NN	O	conj	O	-1	B-noun.attribute
13	44	1055	4925	4926	NN	999	.	.	.	.	O	punct	O	-1	O
14	45	1056	4928	4932	S	1059	When	When	when	WRB	O	advmod	O	-1	O
14	45	1057	4933	4939	S	1059	Elinor	Elinor	Elinor	NNP	PERSON	nsubj	O	0	B-noun.person
14	45	1058	4940	4943	S	1059	had	had	have	VBD	O	aux	O	-1	O
14	45	1059	4944	4950	S	1073	ceased	ceased	cease	VBN	O	dep	O	-1	B-verb.stative
14	45	1060	4951	4953	S	1059	to	to	to	IN	O	prep	O	-1	O
14	45	1061	4954	4961	S	1060	rejoice	rejoice	rejoice	VB	O	pcomp	O	-1	B-verb.emotion
14	45	1062	4962	4964	S	1061	in	in	in	IN	O	prep	O	-1	O
14	45	1063	4965	4968	S	1064	the	the	the	DT	O	det	O	-1	O
14	45	1064	4969	4976	S	1062	dryness	dryness	dryness	NN	O	pobj	O	-1	B-noun.state
14	45	1065	4977	4979	S	1064	of	of	of	IN	O	prep	O	-1	O
14	45	1066	4980	4983	S	1067	the	the	the	DT	O	det	O	-1	O
14	45	1067	4984	4990		1065	season	season	season	NN	O	pobj	O	-1	B-noun.time
14	45	1068	4990	4991	S	1073	,	,	,	,	O	punct	O	-1	O
14	45	1069	4992	4993	S	1072	a	a	a	DT	O	det	O	-1	O
14	45	1070	4994	4998	N	1071	very	very	very	RB	O	advmod	O	-1	O
14	45	1071	4999	5004	S	1072	awful	awful	awful	JJ	O	amod	O	-1	O
14	45	1072	5005	5010	S	1073	pause	pause	pause	NN	O	nsubj	O	-1	B-noun.time
14	45	1073	5011	5015	S	-1	took	took	take	VBD	O	null	O	-1	B-verb.change
14	45	1074	5016	5021		1073	place	place	place	NN	O	dobj	O	-1	I-verb.change
14	45	1075	5021	5022	S	1073	.	.	.	.	O	punct	O	-1	O
14	46	1076	5023	5025	S	1078	It	It	it	PRP	O	nsubjpass	O	-1	O
14	46	1077	5026	5029	S	1078	was	was	be	VBD	O	auxpass	O	-1	O
14	46	1078	5030	5033	S	-1	put	put	put	VBN	O	null	O	-1	B-verb.contact
14	46	1079	5034	5036	S	1080	an	an	a	DT	O	det	O	-1	O
14	46	1080	5037	5040	S	1078	end	end	end	NN	O	dobj	O	-1	B-noun.time
14	46	1081	5041	5043	S	1078	to	to	to	IN	O	prep	O	-1	O
14	46	1082	5044	5046	S	1078	by	by	by	IN	O	prep	O	-1	O
14	46	1083	5047	5051	S	1084	Mrs.	Mrs.	Mrs.	NNP	PERSON	nn	O	6	B-noun.person
14	46	1084	5052	5060		1082	Dashwood	Dashwood	Dashwood	NNP	PERSON	pobj	O	6	I-noun.person
14	46	1085	5060	5061	S	1084	,	,	,	,	O	punct	O	-1	O
14	46	1086	5062	5065	S	1087	who	who	who	WP	O	nsubj	O	-1	O
14	46	1087	5066	5070	N	1084	felt	felt	feel	VBD	O	rcmod	O	-1	B-verb.cognition
14	46	1088	5071	5078	S	1087	obliged	obliged	oblige	VBN	O	ccomp	O	-1	B-verb.social
14	46	1089	5079	5081	S	1090	to	to	to	TO	O	aux	O	-1	O
14	46	1090	5082	5086	S	1088	hope	hope	hope	VB	O	xcomp	O	-1	B-verb.emotion
14	46	1091	5087	5091	S	1094	that	that	that	IN	O	complm	O	-1	O
14	46	1092	5092	5094	S	1094	he	he	he	PRP	O	nsubj	O	-1	O
14	46	1093	5095	5098	S	1094	had	had	have	VBD	O	aux	O	-1	O
14	46	1094	5099	5103	S	1090	left	left	leave	VBN	O	ccomp	O	-1	B-verb.motion
14	46	1095	5104	5108	S	1096	Mrs.	Mrs.	Mrs.	NNP	PERSON	nn	O	3	B-noun.person
14	46	1096	5109	5116	S	1094	Ferrars	Ferrars	Ferrars	NNP	PERSON	dobj	O	3	I-noun.person
14	46	1097	5117	5121	S	1098	very	very	very	RB	O	advmod	O	-1	O
14	46	1098	5122	5126		1094	well	well	well	RB	O	advmod	O	-1	O
14	46	1099	5126	5127	S	1078	.	.	.	.	O	punct	O	-1	O
14	47	1100	5128	5130	S	1106	In	In	in	IN	O	prep	O	-1	O
14	47	1101	5131	5132	S	1103	a	a	a	DT	O	det	O	-1	O
14	47	1102	5133	5140	N	1103	hurried	hurried	hurried	JJ	O	amod	O	-1	O
14	47	1103	5141	5147		1100	manner	manner	manner	NN	O	pobj	O	-1	B-noun.attribute
14	47	1104	5147	5148	S	1106	,	,	,	,	O	punct	O	-1	O
14	47	1105	5149	5151	S	1106	he	he	he	PRP	O	nsubj	O	-1	O
14	47	1106	5152	5159	S	-1	replied	replied	reply	VBD	O	null	O	-1	B-verb.communication
14	47	1107	5160	5162	S	1106	in	in	in	IN	O	prep	O	-1	O
14	47	1108	5163	5166	S	1109	the	the	the	DT	O	det	O	-1	O
14	47	1109	5167	5178		1107	affirmative	affirmative	affirmative	JJ	O	pobj	O	-1	O
14	47	1110	5178	5179	NN	1106	.	.	.	.	O	punct	O	-1	O
15	48	1111	5181	5188	S	1112	Another	Another	another	DT	O	det	O	-1	O
15	48	1112	5189	5194		-1	pause	pause	pause	NN	O	null	O	-1	B-noun.time
15	48	1113	5194	5195	NN	1112	.	.	.	.	O	punct	O	-1	O
16	49	1114	5197	5203	S	1115	Elinor	Elinor	Elinor	NNP	PERSON	nsubj	O	0	B-noun.person
16	49	1115	5204	5213	S	-1	resolving	resolving	resolve	VBG	O	null	O	-1	B-verb.cognition
16	49	1116	5214	5216	S	1117	to	to	to	TO	O	aux	O	-1	O
16	49	1117	5217	5222	S	1115	exert	exert	exert	VB	O	xcomp	O	-1	B-verb.consumption
16	49	1118	5223	5230		1117	herself	herself	herself	PRP	O	dobj	O	-1	O
16	49	1119	5230	5231	S	1115	,	,	,	,	O	punct	O	-1	O
16	49	1120	5232	5238	S	1115	though	though	though	IN	O	prep	O	-1	O
16	49	1121	5239	5246	S	1120	fearing	fearing	fear	VBG	O	pcomp	O	-1	B-verb.emotion
16	49	1122	5247	5250	S	1123	the	the	the	DT	O	det	O	-1	O
16	49	1123	5251	5256	S	1121	sound	sound	sound	NN	O	dobj	O	-1	B-noun.attribute
16	49	1124	5257	5259	S	1123	of	of	of	IN	O	prep	O	-1	O
16	49	1125	5260	5263	S	1127	her	her	she	PRP$	O	poss	O	0	O
16	49	1126	5264	5267	N	1127	own	own	own	JJ	O	amod	O	-1	O
16	49	1127	5268	5273		1124	voice	voice	voice	NN	O	pobj	O	-1	B-noun.communication
16	49	1128	5273	5274	S	1115	,	,	,	,	O	punct	O	-1	O
16	49	1129	5275	5278	S	1115	now	now	now	RB	DATE	advmod	O	-1	O
16	49	1130	5279	5283		1133	said	said	say	VBD	O	parataxis	O	-1	B-verb.communication
16	49	1131	5283	5284	NN	1130	,	,	,	,	O	punct	O	-1	O
17	49	1132	5286	5287		1133	"	"	``	``	O	punct	B-QUOTE	-1	O
17	49	1133	5287	5289	S	1115	Is	Is	be	VBZ	O	ccomp	I-QUOTE	-1	O
17	49	1134	5290	5294	S	1135	Mrs.	Mrs.	Mrs.	NNP	PERSON	nn	I-QUOTE	3	B-noun.person
17	49	1135	5295	5302	S	1133	Ferrars	Ferrars	Ferrars	NNP	PERSON	nsubj	I-QUOTE	3	I-noun.person
17	49	1136	5303	5305	S	1135	at	at	at	IN	O	prep	I-QUOTE	-1	O
17	49	1137	5306	5316		1136	Longstaple	Longstaple	Longstaple	NNP	LOCATION	pobj	I-QUOTE	-1	O
17	49	1138	5316	5317		1133	?	?	?	.	O	punct	I-QUOTE	-1	O
17	49	1139	5317	5318	NN	1133	"	"	''	''	O	punct	I-QUOTE	-1	O
18	50	1140	5320	5321		-1	"	"	``	``	O	null	B-QUOTE	-1	O
18	50	1141	5321	5323	S	1140	At	At	at	IN	O	prep	I-QUOTE	-1	O
18	50	1142	5324	5334		1141	Longstaple	Longstaple	Longstaple	NNP	O	pobj	I-QUOTE	-1	O
18	50	1143	5334	5335		1140	!	!	!	.	O	punct	I-QUOTE	-1	O
18	50	1144	5335	5336	S	1140	"	"	''	''	O	punct	I-QUOTE	-1	O
18	51	1145	5337	5339	S	1146	he	he	he	PRP	O	nsubj	O	-1	O
18	51	1146	5340	5347		-1	replied	replied	reply	VBD	O	null	O	-1	B-verb.communication
18	51	1147	5347	5348	S	1146	,	,	,	,	O	punct	O	-1	O
18	51	1148	5349	5353	S	1146	with	with	with	IN	O	prep	O	-1	O
18	51	1149	5354	5356	S	1150	an	an	a	DT	O	det	O	-1	O
18	51	1150	5357	5360	S	1148	air	air	air	NN	O	pobj	O	-1	B-noun.substance
18	51	1151	5361	5363	S	1150	of	of	of	IN	O	prep	O	-1	O
18	51	1152	5364	5372		1151	surprise	surprise	surprise	NN	O	pobj	O	-1	B-noun.feeling
18	51	1153	5372	5373	S	1146	.	.	.	.	O	punct	O	-1	O
18	52	1154	5374	5375		-1	"	"	``	``	O	null	B-QUOTE	-1	O
18	52	1155	5375	5377		1159	No	No	no	UH	O	dep	I-QUOTE	-1	O
18	52	1156	5377	5378	S	1159	,	,	,	,	O	punct	I-QUOTE	-1	O
18	52	1157	5379	5381	S	1158	my	my	my	PRP$	O	poss	I-QUOTE	-1	O
18	52	1158	5382	5388	S	1159	mother	mother	mother	NN	O	nsubj	I-QUOTE	-1	B-noun.person
18	52	1159	5389	5391	N	1154	is	is	be	VBZ	O	null	I-QUOTE	-1	B-verb.stative
18	52	1160	5392	5394	S	1159	in	in	in	IN	O	prep	I-QUOTE	-1	O
18	52	1161	5395	5399		1160	town	town	town	NN	O	pobj	I-QUOTE	-1	B-noun.location
18	52	1162	5399	5400		1159	.	.	.	.	O	punct	I-QUOTE	-1	O
18	52	1163	5400	5401	NN	1159	"	"	''	''	O	punct	I-QUOTE	-1	O
19	53	1164	5403	5404		1169	"	"	``	``	O	punct	B-QUOTE	-1	O
19	53	1165	5404	5405	S	1166	I	I	I	PRP	O	nsubj	I-QUOTE	-1	O
19	53	1166	5406	5411		1169	meant	meant	mean	VBD	O	ccomp	I-QUOTE	-1	B-verb.communication
19	53	1167	5411	5412		1169	,	,	,	,	O	punct	I-QUOTE	-1	O
19	53	1168	5412	5413	S	1169	"	"	''	''	O	punct	I-QUOTE	-1	O
19	53	1169	5414	5418	S	-1	said	said	say	VBD	O	null	O	-1	B-verb.communication
19	53	1170	5419	5425		1169	Elinor	Elinor	Elinor	NNP	PERSON	nsubj	O	0	B-noun.person
19	53	1171	5425	5426	S	1169	,	,	,	,	O	punct	O	-1	O
19	53	1172	5427	5433	S	1169	taking	taking	take	VBG	O	dep	O	-1	B-verb.change
19	53	1173	5434	5436	S	1172	up	up	up	RP	O	prt	O	-1	O
19	53	1174	5437	5441	S	1175	some	some	some	DT	O	det	O	-1	O
19	53	1175	5442	5446	S	1172	work	work	work	NN	O	dobj	O	-1	B-noun.act
19	53	1176	5447	5451	S	1172	from	from	from	IN	O	prep	O	-1	O
19	53	1177	5452	5455	S	1178	the	the	the	DT	O	det	O	-1	O
19	53	1178	5456	5461		1176	table	table	table	NN	O	pobj	O	-1	B-noun.artifact
19	53	1179	5461	5462	S	1172	,	,	,	,	O	punct	O	-1	O
19	53	1180	5463	5464		1172	"	"	''	''	O	punct	O	-1	O
19	53	1181	5464	5466	S	1172	to	to	to	IN	O	prep	O	-1	O
19	53	1182	5467	5474	N	1181	enquire	enquire	enquire	NN	O	pobj	O	-1	B-noun.person
19	53	1183	5475	5478	S	1182	for	for	for	IN	O	prep	O	-1	O
19	53	1184	5479	5483	S	1188	Mrs.	Mrs.	Mrs.	NNP	O	nn	O	-1	B-noun.person
19	53	1185	5484	5485		1188	_	_	_	NFP	O	amod	O	-1	O
19	53	1186	5485	5491		1188	Edward	Edward	Edward	NNP	PERSON	nn	O	4	O
19	53	1187	5491	5492	S	1188	_	_	_	NFP	O	amod	O	-1	O
19	53	1188	5493	5500		1183	Ferrars	Ferrars	ferrar	NNS	PERSON	pobj	O	3	O
19	53	1189	5500	5501		1169	.	.	.	.	O	punct	O	-1	O
19	53	1190	5501	5502	NN	1169	"	"	''	''	O	punct	O	-1	O
20	54	1191	5504	5507	S	1192	She	She	she	PRP	O	nsubj	O	0	O
20	54	1192	5508	5513	S	-1	dared	dared	dare	VBD	O	null	O	-1	O
20	54	1193	5514	5517	S	1194	not	not	not	RB	O	neg	O	-1	O
20	54	1194	5518	5522	S	1192	look	look	look	VB	O	xcomp	O	-1	B-verb.perception
20	54	1195	5523	5525		1194	up	up	up	RB	O	prt	O	-1	O
20	54	1196	5525	5526		1192	;	;	;	:	O	punct	O	-1	O
20	54	1197	5526	5527		1192	—	—	—	:	O	punct	O	-1	O
20	54	1198	5527	5530	S	1192	but	but	but	CC	O	cc	O	-1	O
20	54	1199	5531	5534	S	1200	her	her	she	PRP$	O	poss	O	0	O
20	54	1200	5535	5541	S	1204	mother	mother	mother	NN	O	nsubj	O	-1	B-noun.person
20	54	1201	5542	5545	S	1200	and	and	and	CC	O	cc	O	-1	O
20	54	1202	5546	5554	S	1200	Marianne	Marianne	Marianne	NNP	PERSON	conj	O	2	B-noun.person
20	54	1203	5555	5559	S	1204	both	both	both	DT	O	nsubj	O	-1	O
20	54	1204	5560	5566	S	1192	turned	turned	turn	VBD	O	conj	O	-1	B-verb.motion
20	54	1205	5567	5572	N	1206	their	their	they	PRP$	O	poss	O	-1	O
20	54	1206	5573	5577	S	1204	eyes	eyes	eye	NNS	O	dobj	O	-1	B-noun.body
20	54	1207	5578	5580	S	1204	on	on	on	IN	O	prep	O	-1	O
20	54	1208	5581	5584		1207	him	him	he	PRP	O	pobj	O	4	O
20	54	1209	5584	5585	S	1192	.	.	.	.	O	punct	O	-1	O
20	55	1210	5586	5588	S	1211	He	He	he	PRP	O	nsubj	O	4	O
20	55	1211	5589	5597		1231	coloured	coloured	colour	VBD	O	ccomp	O	-1	O
20	55	1212	5597	5598	S	1211	,	,	,	,	O	punct	O	-1	O
20	55	1213	5599	5605	S	1214	seemed	seemed	seem	VBD	O	cop	O	-1	B-verb.perception
20	55	1214	5606	5615		1211	perplexed	perplexed	perplexed	JJ	O	dep	O	-1	O
20	55	1215	5615	5616	S	1211	,	,	,	,	O	punct	O	-1	O
20	55	1216	5617	5623	S	1211	looked	looked	look	VBD	O	conj	O	-1	B-verb.perception
20	55	1217	5624	5634		1216	doubtingly	doubtingly	doubtingly	RB	O	advmod	O	-1	O
20	55	1218	5634	5635	S	1211	,	,	,	,	O	punct	O	-1	O
20	55	1219	5636	5639		1211	and	and	and	CC	O	cc	O	-1	O
20	55	1220	5639	5640	N	1211	,	,	,	,	O	punct	O	-1	O
20	55	1221	5641	5646	S	1211	after	after	after	IN	O	prep	O	-1	O
20	55	1222	5647	5651	S	1223	some	some	some	DT	O	det	O	-1	O
20	55	1223	5652	5662		1221	hesitation	hesitation	hesitation	NN	O	pobj	O	-1	B-noun.cognition
20	55	1224	5662	5663	S	1211	,	,	,	,	O	punct	O	-1	O
20	55	1225	5664	5668		1211	said	said	say	VBD	O	dep	O	-1	B-verb.communication
20	55	1226	5668	5669		1225	,	,	,	,	O	punct	O	-1	O
20	55	1227	5669	5670	NN	1225	—	—	—	:	O	punct	O	-1	O
21	55	1228	5672	5673		1231	"	"	``	``	O	punct	B-QUOTE	-1	O
21	55	1229	5673	5680	S	1231	Perhaps	Perhaps	perhaps	RB	O	advmod	I-QUOTE	-1	O
21	55	1230	5681	5684	S	1231	you	you	you	PRP	O	nsubj	I-QUOTE	-1	O
21	55	1231	5685	5689		-1	mean	mean	mean	VBP	O	null	I-QUOTE	-1	B-verb.communication
21	55	1232	5689	5690		1237	—	—	—	:	O	punct	I-QUOTE	-1	O
21	55	1233	5690	5692	S	1234	my	my	my	PRP$	O	poss	I-QUOTE	-1	O
21	55	1234	5693	5700		1237	brother	brother	brother	NN	O	nsubj	I-QUOTE	-1	O
21	55	1235	5700	5701		1237	—	—	—	:	O	punct	I-QUOTE	-1	O
21	55	1236	5701	5704	S	1237	you	you	you	PRP	O	nsubj	I-QUOTE	-1	O
21	55	1237	5705	5709	S	1231	mean	mean	mean	VBP	O	parataxis	I-QUOTE	-1	B-verb.communication
21	55	1238	5710	5714		1244	Mrs.	Mrs.	Mrs.	NNP	O	nn	I-QUOTE	-1	B-noun.person
21	55	1239	5714	5715		1244	—	—	—	:	O	punct	I-QUOTE	-1	O
21	55	1240	5715	5719	S	1244	Mrs.	Mrs.	Mrs.	NNP	O	nn	I-QUOTE	-1	O
21	55	1241	5720	5721		1244	_	_	_	NFP	O	amod	I-QUOTE	-1	O
21	55	1242	5721	5727		1244	Robert	Robert	Robert	NNP	PERSON	nn	I-QUOTE	-1	O
21	55	1243	5727	5728	S	1244	_	_	_	NFP	O	amod	I-QUOTE	-1	O
21	55	1244	5729	5736		1237	Ferrars	Ferrars	ferrar	NNS	PERSON	dobj	I-QUOTE	3	O
21	55	1245	5736	5737		1231	.	.	.	.	O	punct	I-QUOTE	-1	O
21	55	1246	5737	5738	NN	1231	"	"	''	''	O	punct	I-QUOTE	-1	O
22	56	1247	5740	5741		1250	"	"	``	``	O	punct	B-QUOTE	-1	O
22	56	1248	5741	5745	S	1250	Mrs.	Mrs.	Mrs.	NNP	PERSON	nn	I-QUOTE	-1	B-noun.person
22	56	1249	5746	5752	S	1250	Robert	Robert	Robert	NNP	PERSON	nn	I-QUOTE	-1	I-noun.person
22	56	1250	5753	5760		-1	Ferrars	Ferrars	Ferrars	NNP	PERSON	null	I-QUOTE	-1	I-noun.person
22	56	1251	5760	5761		1250	!	!	!	.	O	punct	I-QUOTE	-1	O
22	56	1252	5761	5762	S	1250	"	"	''	''	O	punct	I-QUOTE	-1	O
22	57	1253	5763	5766	S	1254	was	was	be	VBD	O	auxpass	O	-1	O
22	57	1254	5767	5775	S	-1	repeated	repeated	repeat	VBN	O	null	O	-1	B-verb.communication
22	57	1255	5776	5778	S	1254	by	by	by	IN	O	prep	O	-1	O
22	57	1256	5779	5787	S	1255	Marianne	Marianne	Marianne	NNP	PERSON	pobj	O	2	B-noun.person
22	57	1257	5788	5791	S	1256	and	and	and	CC	O	cc	O	-1	O
22	57	1258	5792	5795	S	1259	her	her	she	PRP$	O	poss	O	2	O
22	57	1259	5796	5802	S	1256	mother	mother	mother	NN	O	conj	O	-1	B-noun.person
22	57	1260	5803	5805	S	1259	in	in	in	IN	O	prep	O	-1	O
22	57	1261	5806	5808	N	1262	an	an	a	DT	O	det	O	-1	O
22	57	1262	5809	5815	S	1260	accent	accent	accent	NN	O	pobj	O	-1	B-noun.communication
22	57	1263	5816	5818	S	1262	of	of	of	IN	O	prep	O	-1	O
22	57	1264	5819	5822	S	1266	the	the	the	DT	O	det	O	-1	O
22	57	1265	5823	5829	S	1266	utmost	utmost	utmost	JJ	O	amod	O	-1	O
22	57	1266	5830	5839		1263	amazement	amazement	amazement	NN	O	pobj	O	-1	B-noun.feeling
22	57	1267	5839	5840	S	1254	;	;	;	:	O	punct	O	-1	O
22	57	1268	5841	5844	S	1254	and	and	and	CC	O	cc	O	-1	O
22	57	1269	5845	5851	S	1273	though	though	though	IN	O	mark	O	-1	O
22	57	1270	5852	5858	S	1273	Elinor	Elinor	Elinor	NNP	PERSON	nsubj	O	0	B-noun.person
22	57	1271	5859	5864	S	1273	could	could	could	MD	O	aux	O	-1	O
22	57	1272	5865	5868	S	1273	not	not	not	RB	O	neg	O	-1	O
22	57	1273	5869	5874		1254	speak	speak	speak	VB	O	conj	O	-1	B-verb.communication
22	57	1274	5874	5875	S	1273	,	,	,	,	O	punct	O	-1	O
22	57	1275	5876	5880	N	1276	even	even	even	RB	O	advmod	O	-1	O
22	57	1276	5881	5882		1273	_	_	_	NFP	O	dep	O	-1	O
22	57	1277	5882	5885		1279	her	her	she	PRP$	O	poss	O	0	O
22	57	1278	5885	5886	S	1279	_	_	_	NFP	O	amod	O	-1	O
22	57	1279	5887	5891	S	1281	eyes	eyes	eye	NNS	O	nsubjpass	O	-1	B-noun.body
22	57	1280	5892	5896	S	1281	were	were	be	VBD	O	auxpass	O	-1	O
22	57	1281	5897	5902	S	1276	fixed	fixed	fix	VBN	O	rcmod	O	-1	B-verb.change
22	57	1282	5903	5905	S	1281	on	on	on	IN	O	prep	O	-1	O
22	57	1283	5906	5909	S	1282	him	him	he	PRP	O	pobj	O	-1	O
22	57	1284	5910	5914	S	1281	with	with	with	IN	O	prep	O	-1	O
22	57	1285	5915	5918	S	1288	the	the	the	DT	O	det	O	-1	O
22	57	1286	5919	5923	S	1288	same	same	same	JJ	O	amod	O	-1	O
22	57	1287	5924	5933	S	1288	impatient	impatient	impatient	JJ	O	amod	O	-1	O
22	57	1288	5934	5940		1284	wonder	wonder	wonder	NN	O	pobj	O	-1	B-noun.feeling
22	57	1289	5940	5941	S	1254	.	.	.	.	O	punct	O	-1	O
22	58	1290	5942	5944	S	1291	He	He	he	PRP	O	nsubj	O	-1	O
22	58	1291	5945	5949	N	-1	rose	rose	rise	VBD	O	null	O	-1	B-verb.motion
22	58	1292	5950	5954	S	1291	from	from	from	IN	O	prep	O	-1	O
22	58	1293	5955	5958	S	1294	his	his	he	PRP$	O	poss	O	-1	O
22	58	1294	5959	5963		1292	seat	seat	seat	NN	O	pobj	O	-1	B-noun.location
22	58	1295	5963	5964	S	1291	,	,	,	,	O	punct	O	-1	O
22	58	1296	5965	5968	S	1291	and	and	and	CC	O	cc	O	-1	O
22	58	1297	5969	5975	S	1291	walked	walked	walk	VBD	O	conj	O	-1	B-verb.motion
22	58	1298	5976	5978	S	1297	to	to	to	IN	O	prep	O	-1	O
22	58	1299	5979	5982	S	1300	the	the	the	DT	O	det	O	-1	O
22	58	1300	5983	5989		1298	window	window	window	NN	O	pobj	O	-1	B-noun.artifact
22	58	1301	5989	5990	S	1291	,	,	,	,	O	punct	O	-1	O
22	58	1302	5991	6001	S	1291	apparently	apparently	apparently	RB	O	advmod	O	-1	O
22	58	1303	6002	6006	S	1302	from	from	from	IN	O	dep	O	-1	O
22	58	1304	6007	6010	S	1305	not	not	not	RB	O	neg	O	-1	O
22	58	1305	6011	6018	N	1303	knowing	knowing	know	VBG	O	pcomp	O	-1	B-verb.cognition
22	58	1306	6019	6023	S	1308	what	what	what	WP	O	nsubj	O	-1	O
22	58	1307	6024	6026	S	1308	to	to	to	TO	O	aux	O	-1	O
22	58	1308	6027	6029		1305	do	do	do	VB	O	ccomp	O	-1	O
22	58	1309	6029	6030	S	1291	;	;	;	:	O	punct	O	-1	O
22	58	1310	6031	6035	S	1291	took	took	take	VBD	O	conj	O	-1	B-verb.contact
22	58	1311	6036	6038	S	1310	up	up	up	RP	O	prt	O	-1	O
22	58	1312	6039	6040	S	1313	a	a	a	DT	O	det	O	-1	O
22	58	1313	6041	6045	S	1310	pair	pair	pair	NN	O	dobj	O	-1	B-noun.artifact
22	58	1314	6046	6048	S	1313	of	of	of	IN	O	prep	O	-1	O
22	58	1315	6049	6057	S	1314	scissors	scissors	scissors	NNS	O	pobj	O	-1	B-noun.artifact
22	58	1316	6058	6062	S	1317	that	that	that	WDT	O	nsubj	O	-1	O
22	58	1317	6063	6066	S	1315	lay	lay	lay	VBP	O	rcmod	O	-1	B-verb.stative
22	58	1318	6067	6072		1317	there	there	there	RB	O	advmod	O	-1	O
22	58	1319	6072	6073	S	1291	,	,	,	,	O	punct	O	-1	O
22	58	1320	6074	6077	S	1291	and	and	and	CC	O	cc	O	-1	O
22	58	1321	6078	6083	N	1351	while	while	while	IN	O	prep	O	-1	O
22	58	1322	6084	6092	S	1321	spoiling	spoiling	spoil	VBG	O	pcomp	O	-1	B-verb.social
22	58	1323	6093	6097	S	1324	both	both	both	DT	O	preconj	O	-1	O
22	58	1324	6098	6102	S	1322	them	them	they	PRP	O	dobj	O	-1	O
22	58	1325	6103	6106	S	1324	and	and	and	CC	O	cc	O	-1	O
22	58	1326	6107	6112	S	1327	their	their	they	PRP$	O	poss	O	-1	O
22	58	1327	6113	6119	S	1324	sheath	sheath	sheath	NN	O	conj	O	-1	B-noun.artifact
22	58	1328	6120	6122	S	1322	by	by	by	IN	O	prep	O	-1	O
22	58	1329	6123	6130	S	1328	cutting	cutting	cut	VBG	O	pcomp	O	-1	B-verb.contact
22	58	1330	6131	6134	S	1331	the	the	the	DT	O	det	O	-1	O
22	58	1331	6135	6141	S	1329	latter	latter	latter	JJ	O	dobj	O	-1	O
22	58	1332	6142	6144	S	1329	to	to	to	IN	O	prep	O	-1	O
22	58	1333	6145	6151	S	1332	pieces	pieces	piece	NNS	O	pobj	O	-1	B-noun.artifact
22	58	1334	6152	6154	N	1336	as	as	as	IN	O	mark	O	-1	O
22	58	1335	6155	6157	S	1336	he	he	he	PRP	O	nsubj	O	-1	O
22	58	1336	6158	6163		1329	spoke	spoke	speak	VBD	O	advcl	O	-1	B-verb.communication
22	58	1337	6163	6164	S	1338	,	,	,	,	O	punct	O	-1	O
22	58	1338	6165	6169		1351	said	said	say	VBD	O	parataxis	O	-1	B-verb.communication
22	58	1339	6169	6170	S	1338	,	,	,	,	O	punct	O	-1	O
22	58	1340	6171	6173	S	1351	in	in	in	IN	O	prep	O	-1	O
22	58	1341	6174	6175	S	1343	a	a	a	DT	O	det	O	-1	O
22	58	1342	6176	6183	S	1343	hurried	hurried	hurried	JJ	O	amod	O	-1	O
22	58	1343	6184	6189		1340	voice	voice	voice	NN	O	pobj	O	-1	B-noun.communication
22	58	1344	6189	6190		1351	,	,	,	,	O	punct	O	-1	O
22	58	1345	6190	6191	NN	1351	—	—	—	:	O	punct	O	-1	O
23	58	1346	6193	6194		1351	"	"	``	``	O	punct	B-QUOTE	-1	O
23	58	1347	6194	6201	S	1351	Perhaps	Perhaps	perhaps	RB	O	advmod	I-QUOTE	-1	O
23	58	1348	6202	6205	S	1351	you	you	you	PRP	O	nsubj	I-QUOTE	-1	O
23	58	1349	6206	6208	S	1351	do	do	do	VBP	O	aux	I-QUOTE	-1	O
23	58	1350	6209	6212	S	1351	not	not	not	RB	O	neg	I-QUOTE	-1	O
23	58	1351	6213	6217		1291	know	know	know	VB	O	conj	I-QUOTE	-1	B-verb.cognition
23	58	1352	6217	6218	S	1351	:	:	:	:	O	punct	I-QUOTE	-1	O
23	58	1353	6219	6222	S	1357	you	you	you	PRP	O	nsubj	I-QUOTE	-1	O
23	58	1354	6223	6226	S	1357	may	may	may	MD	O	aux	I-QUOTE	-1	O
23	58	1355	6227	6230	S	1357	not	not	not	RB	O	neg	I-QUOTE	-1	O
23	58	1356	6231	6235	S	1357	have	have	have	VB	O	aux	I-QUOTE	-1	O
23	58	1357	6236	6241	S	1351	heard	heard	hear	VBN	O	ccomp	I-QUOTE	-1	B-verb.perception
23	58	1358	6242	6246	S	1363	that	that	that	IN	O	complm	I-QUOTE	-1	O
23	58	1359	6247	6249	S	1360	my	my	my	PRP$	O	poss	I-QUOTE	-1	O
23	58	1360	6250	6257	S	1363	brother	brother	brother	NN	O	nsubjpass	I-QUOTE	-1	B-noun.person
23	58	1361	6258	6260	N	1363	is	is	be	VBZ	O	auxpass	I-QUOTE	-1	B-verb.stative
23	58	1362	6261	6267	S	1363	lately	lately	lately	RB	O	advmod	I-QUOTE	-1	O
23	58	1363	6268	6275	S	1357	married	married	marry	VBN	O	ccomp	I-QUOTE	-1	B-verb.social
23	58	1364	6276	6278		1363	to	to	to	IN	O	prep	I-QUOTE	-1	O
23	58	1365	6278	6279		1364	—	—	—	:	O	punct	I-QUOTE	-1	O
23	58	1366	6279	6281	S	1363	to	to	to	IN	O	prep	I-QUOTE	-1	O
23	58	1367	6282	6285	S	1368	the	the	the	DT	O	det	I-QUOTE	-1	O
23	58	1368	6286	6294		1366	youngest	youngest	youngest	JJS	O	dep	I-QUOTE	-1	O
23	58	1369	6294	6295		1368	—	—	—	:	O	punct	I-QUOTE	-1	O
23	58	1370	6295	6297	S	1363	to	to	to	IN	O	prep	I-QUOTE	-1	O
23	58	1371	6298	6302	S	1373	Miss	Miss	Miss	NNP	PERSON	nn	I-QUOTE	-1	B-noun.person
23	58	1372	6303	6307	S	1373	Lucy	Lucy	Lucy	NNP	PERSON	nn	I-QUOTE	-1	I-noun.person
23	58	1373	6308	6314		1370	Steele	Steele	Steele	NNP	PERSON	pobj	I-QUOTE	-1	I-noun.person
23	58	1374	6314	6315		1291	.	.	.	.	O	punct	I-QUOTE	-1	O
23	58	1375	6315	6316	NN	1291	"	"	''	''	O	punct	I-QUOTE	-1	O
24	59	1376	6318	6321	S	1377	His	His	he	PRP$	O	poss	O	-1	O
24	59	1377	6322	6327	S	1379	words	words	word	NNS	O	nsubjpass	O	-1	B-noun.communication
24	59	1378	6328	6332	S	1379	were	were	be	VBD	O	auxpass	O	-1	O
24	59	1379	6333	6339	S	-1	echoed	echoed	echo	VBN	O	null	O	-1	B-verb.communication
24	59	1380	6340	6344	S	1379	with	with	with	IN	O	prep	O	-1	O
24	59	1381	6345	6356	S	1382	unspeakable	unspeakable	unspeakable	JJ	O	amod	O	-1	O
24	59	1382	6357	6369	S	1380	astonishment	astonishment	astonishment	NN	O	pobj	O	-1	B-noun.feeling
24	59	1383	6370	6372	S	1379	by	by	by	IN	O	prep	O	-1	O
24	59	1384	6373	6376	S	1383	all	all	all	DT	O	dep	O	-1	O
24	59	1385	6377	6380	S	1384	but	but	but	CC	O	cc	O	-1	O
24	59	1386	6381	6387		1384	Elinor	Elinor	Elinor	NNP	PERSON	conj	O	0	O
24	59	1387	6387	6388	N	1379	,	,	,	,	O	punct	O	-1	O
24	59	1388	6389	6392	S	1389	who	who	who	WP	O	nsubj	O	-1	O
24	59	1389	6393	6396	S	1379	sat	sat	sit	VBD	O	ccomp	O	-1	B-verb.contact
24	59	1390	6397	6401	S	1389	with	with	with	IN	O	prep	O	-1	O
24	59	1391	6402	6405	S	1392	her	her	she	PRP$	O	poss	O	0	O
24	59	1392	6406	6410	S	1390	head	head	head	NN	O	pobj	O	-1	B-noun.body
24	59	1393	6411	6418	S	1389	leaning	leaning	lean	VBG	O	dep	O	-1	B-verb.motion
24	59	1394	6419	6423	S	1393	over	over	over	IN	O	prep	O	-1	O
24	59	1395	6424	6427	S	1396	her	her	she	PRP$	O	poss	O	0	O
24	59	1396	6428	6432		1394	work	work	work	NN	O	pobj	O	-1	B-noun.act
24	59	1397	6432	6433	S	1393	,	,	,	,	O	punct	O	-1	O
24	59	1398	6434	6436	S	1393	in	in	in	IN	O	prep	O	-1	O
24	59	1399	6437	6438	S	1400	a	a	a	DT	O	det	O	-1	O
24	59	1400	6439	6444	S	1398	state	state	state	NN	O	pobj	O	-1	B-noun.state
24	59	1401	6445	6447	S	1400	of	of	of	IN	O	prep	O	-1	O
24	59	1402	6448	6452	N	1403	such	such	such	JJ	O	amod	O	-1	O
24	59	1403	6453	6462	S	1401	agitation	agitation	agitation	NN	O	pobj	O	-1	B-noun.state
24	59	1404	6463	6465	S	1405	as	as	as	IN	O	mark	O	-1	O
24	59	1405	6466	6470	S	1393	made	made	make	VBN	O	advcl	O	-1	B-verb.change
24	59	1406	6471	6474	S	1408	her	her	she	PRP$	O	nsubj	O	0	O
24	59	1407	6475	6481	S	1408	hardly	hardly	hardly	RB	O	advmod	O	-1	O
24	59	1408	6482	6486	S	1405	know	know	know	VB	O	xcomp	O	-1	B-verb.cognition
24	59	1409	6487	6492	S	1411	where	where	where	WRB	O	advmod	O	-1	O
24	59	1410	6493	6496	S	1411	she	she	she	PRP	O	nsubj	O	0	O
24	59	1411	6497	6500		1408	was	was	be	VBD	O	advcl	O	-1	O
24	59	1412	6500	6501	NN	1379	.	.	.	.	O	punct	O	-1	O
25	60	1413	6503	6504		1417	"	"	``	``	O	punct	B-QUOTE	-1	O
25	60	1414	6504	6507		1417	Yes	Yes	yes	UH	O	dep	I-QUOTE	-1	O
25	60	1415	6507	6508		1417	,	,	,	,	O	punct	I-QUOTE	-1	O
25	60	1416	6508	6509	S	1417	"	"	''	''	O	nsubj	I-QUOTE	-1	O
25	60	1417	6510	6514	S	-1	said	said	say	VBD	O	null	O	-1	B-verb.communication
25	60	1418	6515	6517		1423	he	he	he	PRP	O	nsubjpass	O	-1	O
25	60	1419	6517	6518	S	1418	,	,	,	,	O	punct	O	-1	O
25	60	1420	6519	6520		1423	"	"	``	``	O	punct	B-QUOTE	-1	O
25	60	1421	6520	6524	S	1423	they	they	they	PRP	O	nsubjpass	I-QUOTE	-1	O
25	60	1422	6525	6529	S	1423	were	were	be	VBD	O	auxpass	I-QUOTE	-1	O
25	60	1423	6530	6537	S	1417	married	married	marry	VBN	O	ccomp	I-QUOTE	-1	B-verb.social
25	60	1424	6538	6542	S	1425	last	last	last	JJ	DATE	amod	I-QUOTE	-1	O
25	60	1425	6543	6547		1423	week	week	week	NN	DATE	tmod	I-QUOTE	-1	B-noun.time
25	60	1426	6547	6548	S	1417	,	,	,	,	O	punct	I-QUOTE	-1	O
25	60	1427	6549	6552	S	1417	and	and	and	CC	O	cc	I-QUOTE	-1	O
25	60	1428	6553	6556	S	1417	are	are	be	VBP	O	conj	I-QUOTE	-1	B-verb.stative
25	60	1429	6557	6560	S	1428	now	now	now	RB	DATE	advmod	I-QUOTE	-1	O
25	60	1430	6561	6563	S	1429	at	at	at	IN	O	dep	I-QUOTE	-1	O
25	60	1431	6564	6571		1430	Dawlish	Dawlish	Dawlish	NNP	PERSON	pobj	I-QUOTE	-1	O
25	60	1432	6571	6572		1417	.	.	.	.	O	punct	I-QUOTE	-1	O
25	60	1433	6572	6573	NN	1417	"	"	''	''	O	punct	I-QUOTE	-1	O
26	61	1434	6575	6581	S	1436	Elinor	Elinor	Elinor	NNP	PERSON	nsubj	O	0	O
26	61	1435	6582	6587	S	1436	could	could	could	MD	O	aux	O	-1	O
26	61	1436	6588	6591	S	-1	sit	sit	sit	VB	O	null	O	-1	B-verb.contact
26	61	1437	6592	6594	S	1436	it	it	it	PRP	O	dobj	O	-1	O
26	61	1438	6595	6597	S	1437	no	no	no	RB	O	advmod	O	-1	O
26	61	1439	6598	6604		1438	longer	longer	longer	RBR	O	advmod	O	-1	O
26	61	1440	6604	6605	S	1436	.	.	.	.	O	punct	O	-1	O
26	62	1441	6606	6609	S	1443	She	She	she	PRP	O	nsubj	O	0	O
26	62	1442	6610	6616	S	1443	almost	almost	almost	RB	O	advmod	O	-1	O
26	62	1443	6617	6620	S	-1	ran	ran	run	VBD	O	null	O	-1	B-verb.stative
26	62	1444	6621	6624	S	1443	out	out	out	IN	O	prep	O	-1	O
26	62	1445	6625	6627	S	1444	of	of	of	IN	O	dep	O	-1	O
26	62	1446	6628	6631	S	1447	the	the	the	DT	O	det	O	-1	O
26	62	1447	6632	6636		1445	room	room	room	NN	O	pobj	O	-1	B-noun.artifact
26	62	1448	6636	6637	S	1443	,	,	,	,	O	punct	O	-1	O
26	62	1449	6638	6641	S	1443	and	and	and	CC	O	cc	O	-1	O
26	62	1450	6642	6644	N	1451	as	as	as	RB	O	advmod	O	-1	O
26	62	1451	6645	6649	S	1456	soon	soon	soon	RB	O	advmod	O	-1	O
26	62	1452	6650	6652	S	1451	as	as	as	IN	O	dep	O	-1	O
26	62	1453	6653	6656	S	1454	the	the	the	DT	O	det	O	-1	O
26	62	1454	6657	6661	S	1452	door	door	door	NN	O	pobj	O	-1	B-noun.artifact
26	62	1455	6662	6665	S	1456	was	was	be	VBD	O	auxpass	O	-1	O
26	62	1456	6666	6672		1443	closed	closed	close	VBN	O	conj	O	-1	B-verb.contact
26	62	1457	6672	6673	S	1456	,	,	,	,	O	punct	O	-1	O
26	62	1458	6674	6679	S	1456	burst	burst	burst	VBN	O	conj	O	-1	B-verb.change
26	62	1459	6680	6684	S	1458	into	into	into	IN	O	prep	O	-1	O
26	62	1460	6685	6690	S	1459	tears	tears	tear	NNS	O	pobj	O	-1	B-noun.act
26	62	1461	6691	6693	S	1460	of	of	of	IN	O	prep	O	-1	O
26	62	1462	6694	6697		1461	joy	joy	joy	NN	O	pobj	O	-1	B-noun.feeling
26	62	1463	6697	6698	S	1462	,	,	,	,	O	punct	O	-1	O
26	62	1464	6699	6704	S	1468	which	which	which	WDT	O	nsubj	O	-1	O
26	62	1465	6705	6707	S	1468	at	at	at	IN	O	prep	O	-1	O
26	62	1466	6708	6713	N	1465	first	first	first	RB	ORDINAL	pobj	O	-1	O
26	62	1467	6714	6717	S	1468	she	she	she	PRP	O	nsubj	O	0	O
26	62	1468	6718	6725	S	1462	thought	thought	think	VBD	O	rcmod	O	-1	B-verb.cognition
26	62	1469	6726	6731	S	1471	would	would	would	MD	O	aux	O	-1	O
26	62	1470	6732	6737	S	1471	never	never	never	RB	O	neg	O	-1	O
26	62	1471	6738	6743		1468	cease	cease	cease	VB	O	ccomp	O	-1	O
26	62	1472	6743	6744	S	1443	.	.	.	.	O	punct	O	-1	O
26	63	1473	6745	6751		1479	Edward	Edward	Edward	NNP	PERSON	nsubj	O	4	B-noun.person
26	63	1474	6751	6752	S	1473	,	,	,	,	O	punct	O	-1	O
26	63	1475	6753	6756	S	1476	who	who	who	WP	O	nsubj	O	-1	O
26	63	1476	6757	6760	S	1473	had	had	have	VBD	O	rcmod	O	-1	O
26	63	1477	6761	6765	S	1476	till	till	till	IN	O	prep	O	-1	O
26	63	1478	6766	6770	S	1477	then	then	then	RB	O	pobj	O	-1	O
26	63	1479	6771	6777	S	-1	looked	looked	look	VBD	O	null	O	-1	B-verb.perception
26	63	1480	6778	6781	N	1479	any	any	any	RB	O	advmod	O	-1	O
26	63	1481	6782	6787		1488	where	where	where	WRB	O	advmod	O	-1	O
26	63	1482	6787	6788	S	1488	,	,	,	,	O	punct	O	-1	O
26	63	1483	6789	6795	S	1488	rather	rather	rather	RB	O	advmod	O	-1	O
26	63	1484	6796	6800	S	1483	than	than	than	IN	O	dep	O	-1	O
26	63	1485	6801	6803	S	1483	at	at	at	IN	O	dep	O	-1	O
26	63	1486	6804	6807		1483	her	her	she	PRP	O	dep	O	0	O
26	63	1487	6807	6808	S	1488	,	,	,	,	O	punct	O	-1	O
26	63	1488	6809	6812	S	1479	saw	saw	see	VBD	O	advcl	O	-1	B-verb.perception
26	63	1489	6813	6816	S	1490	her	her	she	PRP$	O	poss	O	0	O
26	63	1490	6817	6822	S	1488	hurry	hurry	hurry	NN	O	dobj	O	-1	B-noun.state
26	63	1491	6823	6827		1488	away	away	away	RB	O	advmod	O	-1	O
26	63	1492	6827	6828	S	1479	,	,	,	,	O	punct	O	-1	O
26	63	1493	6829	6832	S	1479	and	and	and	CC	O	cc	O	-1	O
26	63	1494	6833	6840	S	1495	perhaps	perhaps	perhaps	RB	O	advmod	O	-1	O
26	63	1495	6841	6844		1479	saw	saw	see	VBD	O	conj	O	-1	B-verb.perception
26	63	1496	6844	6845		1495	—	—	—	:	O	punct	O	-1	O
26	63	1497	6845	6847	S	1495	or	or	or	CC	O	cc	O	-1	O
26	63	1498	6848	6852	N	1499	even	even	even	RB	O	advmod	O	-1	O
26	63	1499	6853	6858		1495	heard	heard	hear	VBN	O	conj	O	-1	B-verb.perception
26	63	1500	6858	6859	S	1479	,	,	,	,	O	punct	O	-1	O
26	63	1501	6860	6863	S	1502	her	her	she	PRP$	O	poss	O	0	O
26	63	1502	6864	6871		1479	emotion	emotion	emotion	NN	O	conj	O	-1	B-noun.feeling
26	63	1503	6871	6872	S	1479	;	;	;	:	O	punct	O	-1	O
26	63	1504	6873	6876	S	1538	for	for	for	IN	O	prep	O	-1	O
26	63	1505	6877	6888	S	1506	immediately	immediately	immediately	RB	O	advmod	O	-1	O
26	63	1506	6889	6899	S	1508	afterwards	afterwards	afterwards	RB	O	advmod	O	-1	O
26	63	1507	6900	6902	S	1508	he	he	he	PRP	O	nsubj	O	4	O
26	63	1508	6903	6907	S	1504	fell	fell	fall	VBD	O	pobj	O	-1	B-verb.stative
26	63	1509	6908	6912	S	1508	into	into	into	IN	O	prep	O	-1	O
26	63	1510	6913	6914	S	1511	a	a	a	DT	O	det	O	-1	O
26	63	1511	6915	6922		1509	reverie	reverie	reverie	NN	O	pobj	O	-1	B-noun.cognition
26	63	1512	6922	6923	N	1511	,	,	,	,	O	punct	O	-1	O
26	63	1513	6924	6929	S	1531	which	which	which	WDT	O	dobj	O	-1	O
26	63	1514	6930	6932	S	1515	no	no	no	DT	O	det	O	-1	O
26	63	1515	6933	6940		1531	remarks	remarks	remark	NNS	O	nsubj	O	-1	B-noun.communication
26	63	1516	6940	6941	S	1515	,	,	,	,	O	punct	O	-1	O
26	63	1517	6942	6944	S	1518	no	no	no	DT	O	det	O	-1	O
26	63	1518	6945	6954		1515	inquiries	inquiries	inquiry	NNS	O	appos	O	-1	B-noun.communication
26	63	1519	6954	6955	S	1515	,	,	,	,	O	punct	O	-1	O
26	63	1520	6956	6958	S	1522	no	no	no	DT	O	det	O	-1	O
26	63	1521	6959	6971	S	1522	affectionate	affectionate	affectionate	JJ	O	amod	O	-1	O
26	63	1522	6972	6979	S	1527	address	address	address	NN	O	nsubj	O	-1	B-noun.communication
26	63	1523	6980	6982	S	1522	of	of	of	IN	O	prep	O	-1	O
26	63	1524	6983	6987	N	1525	Mrs.	Mrs.	Mrs.	NNP	PERSON	nn	O	6	B-noun.person
26	63	1525	6988	6996	S	1523	Dashwood	Dashwood	Dashwood	NNP	PERSON	pobj	O	6	I-noun.person
26	63	1526	6997	7002	S	1527	could	could	could	MD	O	aux	O	-1	O
26	63	1527	7003	7012		1515	penetrate	penetrate	penetrate	VB	O	rcmod	O	-1	B-verb.contact
26	63	1528	7012	7013	S	1515	,	,	,	,	O	punct	O	-1	O
26	63	1529	7014	7017	S	1515	and	and	and	CC	O	cc	O	-1	O
26	63	1530	7018	7020	S	1515	at	at	at	IN	O	conj	O	-1	O
26	63	1531	7021	7025		1511	last	last	last	JJ	O	rcmod	O	-1	O
26	63	1532	7025	7026	S	1508	,	,	,	,	O	punct	O	-1	O
26	63	1533	7027	7034	S	1504	without	without	without	IN	O	dep	O	-1	O
26	63	1534	7035	7041	S	1533	saying	saying	say	VBG	O	pcomp	O	-1	B-verb.communication
26	63	1535	7042	7043	S	1536	a	a	a	DT	O	det	O	-1	O
26	63	1536	7044	7048		1534	word	word	word	NN	O	dobj	O	-1	B-noun.communication
26	63	1537	7048	7049	S	1538	,	,	,	,	O	punct	O	-1	O
26	63	1538	7050	7057	N	1479	quitted	quitted	quit	VBD	O	conj	O	-1	B-verb.stative
26	63	1539	7058	7061	S	1540	the	the	the	DT	O	det	O	-1	O
26	63	1540	7062	7066		1538	room	room	room	NN	O	dobj	O	-1	B-noun.artifact
26	63	1541	7066	7067	S	1479	,	,	,	,	O	punct	O	-1	O
26	63	1542	7068	7071	S	1479	and	and	and	CC	O	cc	O	-1	O
26	63	1543	7072	7078	S	1479	walked	walked	walk	VBD	O	conj	O	-1	B-verb.motion
26	63	1544	7079	7082	S	1543	out	out	out	RB	O	advmod	O	-1	O
26	63	1545	7083	7090	S	1543	towards	towards	towards	IN	O	prep	O	-1	O
26	63	1546	7091	7094	S	1547	the	the	the	DT	O	det	O	-1	O
26	63	1547	7095	7102		1545	village	village	village	NN	O	pobj	O	-1	B-noun.group
26	63	1548	7102	7103		1479	—	—	—	:	O	punct	O	-1	O
26	63	1549	7103	7110	S	1479	leaving	leaving	leave	VBG	O	xcomp	O	-1	B-verb.motion
26	63	1550	7111	7114	S	1551	the	the	the	DT	O	det	O	-1	O
26	63	1551	7115	7121	S	1549	others	others	other	NNS	O	dobj	O	-1	O
26	63	1552	7122	7124	S	1549	in	in	in	IN	O	prep	O	-1	O
26	63	1553	7125	7128	N	1555	the	the	the	DT	O	det	O	-1	O
26	63	1554	7129	7137	S	1555	greatest	greatest	greatest	JJS	O	amod	O	-1	O
26	63	1555	7138	7150	S	1552	astonishment	astonishment	astonishment	NN	O	pobj	O	-1	B-noun.feeling
26	63	1556	7151	7154	S	1555	and	and	and	CC	O	cc	O	-1	O
26	63	1557	7155	7165	S	1555	perplexity	perplexity	perplexity	NN	O	conj	O	-1	B-noun.cognition
26	63	1558	7166	7168	S	1549	on	on	on	IN	O	prep	O	-1	O
26	63	1559	7169	7170	S	1560	a	a	a	DT	O	det	O	-1	O
26	63	1560	7171	7177	S	1558	change	change	change	NN	O	pobj	O	-1	B-noun.event
26	63	1561	7178	7180	S	1560	in	in	in	IN	O	prep	O	-1	O
26	63	1562	7181	7184	S	1563	his	his	he	PRP$	O	poss	O	4	O
26	63	1563	7185	7194		1561	situation	situation	situation	NN	O	pobj	O	-1	B-noun.state
26	63	1564	7194	7195	S	1549	,	,	,	,	O	punct	O	-1	O
26	63	1565	7196	7198	N	1566	so	so	so	RB	O	advmod	O	-1	O
26	63	1566	7199	7208	S	1549	wonderful	wonderful	wonderful	JJ	O	conj	O	-1	O
26	63	1567	7209	7212	S	1566	and	and	and	CC	O	cc	O	-1	O
26	63	1568	7213	7215	S	1569	so	so	so	RB	O	advmod	O	-1	O
26	63	1569	7216	7222		1566	sudden	sudden	sudden	RB	O	conj	O	-1	O
26	63	1570	7222	7223		1549	;	;	;	:	O	punct	O	-1	O
26	63	1571	7223	7224		1549	—	—	—	:	O	punct	O	-1	O
26	63	1572	7224	7225	S	1573	a	a	a	DT	O	det	O	-1	O
26	63	1573	7226	7236	S	1549	perplexity	perplexity	perplexity	NN	O	dobj	O	-1	B-noun.cognition
26	63	1574	7237	7242	S	1576	which	which	which	WDT	O	dobj	O	-1	O
26	63	1575	7243	7247	S	1576	they	they	they	PRP	O	nsubj	O	-1	O
26	63	1576	7248	7251	S	1573	had	had	have	VBD	O	rcmod	O	-1	B-verb.possession
26	63	1577	7252	7254	S	1578	no	no	no	DT	O	det	O	-1	O
26	63	1578	7255	7260	S	1576	means	means	means	NNS	O	dobj	O	-1	B-noun.act
26	63	1579	7261	7263	N	1578	of	of	of	IN	O	prep	O	-1	O
26	63	1580	7264	7273	S	1579	lessening	lessening	lessening	NN	O	pobj	O	-1	B-noun.event
26	63	1581	7274	7277	S	1576	but	but	but	CC	O	cc	O	-1	O
26	63	1582	7278	7280	S	1585	by	by	by	IN	O	prep	O	-1	O
26	63	1583	7281	7286	S	1584	their	their	they	PRP$	O	poss	O	-1	O
26	63	1584	7287	7290	S	1582	own	own	own	JJ	O	pobj	O	-1	O
26	63	1585	7291	7302		1576	conjectures	conjectures	conjecture	VBZ	O	conj	O	-1	B-verb.cognition
26	63	1586	7302	7303	NNNNN	1479	.	.	.	.	O	punct	O	-1	O
